outer_fold,lambda,step,retained_percentage,window_validation_accuracy,subject_validation_balanced_accuracy,subject_step_selected
1,0.0,0,100.0,0.7538461538461538,0.8452380952380952,False
1,0.0,1,95.0,0.7538461538461538,0.8452380952380952,False
1,0.0,2,90.25,0.7538461538461538,0.8452380952380952,False
1,0.0,3,85.735,0.7538461538461538,0.8452380952380952,False
1,0.0,4,81.45,0.7564102564102564,0.8452380952380952,False
1,0.0,5,77.375,0.7538461538461538,0.8452380952380952,False
1,0.0,6,73.505,0.7538461538461538,0.8452380952380952,False
1,0.0,7,69.83,0.7512820512820513,0.8452380952380952,False
1,0.0,8,66.34,0.7512820512820513,0.8452380952380952,False
1,0.0,9,63.019999999999996,0.7538461538461538,0.8452380952380952,False
1,0.0,10,59.870000000000005,0.7538461538461538,0.8452380952380952,False
1,0.0,11,56.879999999999995,0.7461538461538462,0.8452380952380952,False
1,0.0,12,54.035,0.7461538461538462,0.8452380952380952,False
1,0.0,13,51.33,0.7487179487179487,0.8452380952380952,False
1,0.0,14,48.765,0.7461538461538462,0.8452380952380952,False
1,0.0,15,46.325,0.7435897435897436,0.8452380952380952,False
1,0.0,16,44.01,0.7435897435897436,0.8452380952380952,False
1,0.0,17,41.81,0.7461538461538462,0.8452380952380952,False
1,0.0,18,39.72,0.7461538461538462,0.8452380952380952,False
1,0.0,19,37.735,0.7435897435897436,0.8452380952380952,False
1,0.0,20,35.845,0.7487179487179487,0.8452380952380952,False
1,0.0,21,34.055,0.7487179487179487,0.9166666666666667,False
1,0.0,22,32.35,0.7435897435897436,0.8452380952380952,False
1,0.0,23,30.735,0.7512820512820513,0.8452380952380952,False
1,0.0,24,29.195,0.7538461538461538,0.8452380952380952,False
1,0.0,25,27.735,0.7487179487179487,0.8452380952380952,False
1,0.0,26,26.35,0.7538461538461538,0.9166666666666667,False
1,0.0,27,25.03,0.7487179487179487,0.8452380952380952,False
1,0.0,28,23.78,0.7410256410256411,0.9166666666666667,False
1,0.0,29,22.59,0.7538461538461538,0.9166666666666667,False
1,0.0,30,21.46,0.7384615384615385,0.8452380952380952,False
1,0.0,31,20.39,0.7384615384615385,0.9166666666666667,False
1,0.0,32,19.37,0.7333333333333333,0.9166666666666667,False
1,0.0,33,18.4,0.7333333333333333,0.9166666666666667,False
1,0.0,34,17.48,0.735897435897436,0.9166666666666667,False
1,0.0,35,16.605,0.735897435897436,0.9166666666666667,False
1,0.0,36,15.775,0.7307692307692307,0.9166666666666667,False
1,0.0,37,14.985000000000001,0.735897435897436,0.8452380952380952,False
1,0.0,38,14.235000000000001,0.7333333333333333,0.8452380952380952,False
1,0.0,39,13.525,0.7307692307692307,0.8452380952380952,False
1,0.0,40,12.85,0.735897435897436,0.8452380952380952,False
1,0.0,41,12.205,0.7384615384615385,0.8452380952380952,False
1,0.0,42,11.594999999999999,0.7333333333333333,0.8452380952380952,False
1,0.0,43,11.015,0.7384615384615385,0.8452380952380952,False
1,0.0,44,10.465,0.7538461538461538,0.8452380952380952,False
1,0.0,45,9.94,0.7461538461538462,0.8452380952380952,False
1,0.0,46,9.445,0.7487179487179487,0.8452380952380952,False
1,0.0,47,8.97,0.7384615384615385,0.8452380952380952,False
1,0.0,48,8.525,0.7384615384615385,0.8452380952380952,False
1,0.0,49,8.094999999999999,0.7487179487179487,0.8452380952380952,False
1,0.0,50,7.6899999999999995,0.7461538461538462,0.8452380952380952,False
1,0.0,51,7.305000000000001,0.7333333333333333,0.8452380952380952,False
1,0.0,52,6.94,0.735897435897436,0.8452380952380952,False
1,0.0,53,6.595,0.7410256410256411,0.8452380952380952,False
1,0.0,54,6.265,0.7256410256410256,0.8452380952380952,False
1,0.0,55,5.949999999999999,0.7384615384615385,0.8452380952380952,False
1,0.0,56,5.655,0.7307692307692307,0.8452380952380952,False
1,0.0,57,5.37,0.7307692307692307,0.8452380952380952,False
1,0.0,58,5.1,0.7333333333333333,0.8452380952380952,False
1,0.0,59,4.845,0.7282051282051282,0.8452380952380952,False
1,0.0,60,4.605,0.7333333333333333,0.8452380952380952,False
1,0.0,61,4.375,0.7307692307692307,0.8452380952380952,False
1,0.0,62,4.154999999999999,0.7256410256410256,0.8452380952380952,False
1,0.0,63,3.945,0.7205128205128205,0.8452380952380952,False
1,0.0,64,3.75,0.7205128205128205,0.8452380952380952,False
1,0.0,65,3.56,0.7128205128205128,0.8452380952380952,False
1,0.0,66,3.385,0.7282051282051282,0.8452380952380952,False
1,0.0,67,3.215,0.7333333333333333,0.8452380952380952,False
1,0.0,68,3.055,0.7487179487179487,0.8452380952380952,False
1,0.0,69,2.9000000000000004,0.7230769230769231,0.8452380952380952,False
1,0.0,70,2.7550000000000003,0.7256410256410256,0.8452380952380952,False
1,0.0,71,2.62,0.7153846153846154,0.8452380952380952,False
1,0.0,72,2.485,0.717948717948718,0.8452380952380952,False
1,0.0,73,2.36,0.7256410256410256,0.8452380952380952,False
1,0.0,74,2.245,0.7205128205128205,0.8452380952380952,False
1,0.0,75,2.13,0.7230769230769231,0.8452380952380952,False
1,0.0,76,2.025,0.7282051282051282,0.8452380952380952,False
1,0.0,77,1.925,0.7461538461538462,0.8452380952380952,False
1,0.0,78,1.825,0.7282051282051282,0.8452380952380952,False
1,0.0,79,1.735,0.7256410256410256,0.8452380952380952,False
1,0.0,80,1.6500000000000001,0.7256410256410256,0.8452380952380952,False
1,0.0,81,1.5650000000000002,0.7333333333333333,0.8452380952380952,False
1,0.0,82,1.49,0.7256410256410256,0.8452380952380952,False
1,0.0,83,1.415,0.7230769230769231,0.8452380952380952,False
1,0.0,84,1.345,0.7256410256410256,0.8452380952380952,False
1,0.0,85,1.275,0.7282051282051282,0.8452380952380952,False
1,0.0,86,1.21,0.7435897435897436,0.8452380952380952,False
1,0.0,87,1.15,0.7487179487179487,0.8452380952380952,False
1,0.0,88,1.095,0.7461538461538462,0.8452380952380952,False
1,0.0,89,1.04,0.7538461538461538,0.8452380952380952,False
1,0.0,90,0.985,0.7384615384615385,0.8452380952380952,False
1,0.0,91,0.935,0.7384615384615385,0.8452380952380952,False
1,0.0,92,0.89,0.7512820512820513,0.8452380952380952,False
1,0.0,93,0.845,0.7538461538461538,0.8452380952380952,False
1,0.0,94,0.8049999999999999,0.7692307692307693,0.8452380952380952,False
1,0.0,95,0.765,0.7794871794871795,0.8452380952380952,False
1,0.0,96,0.7250000000000001,0.7794871794871795,0.8452380952380952,False
1,0.0,97,0.69,0.7897435897435897,0.8452380952380952,False
1,0.0,98,0.655,0.7974358974358975,0.8452380952380952,False
1,0.0,99,0.62,0.7871794871794872,0.8452380952380952,False
1,0.0,100,0.59,0.7923076923076923,0.8452380952380952,False
1,0.0,101,0.5599999999999999,0.7974358974358975,0.8452380952380952,False
1,0.0,102,0.53,0.8076923076923077,0.8452380952380952,False
1,0.0,103,0.505,0.8025641025641026,0.8452380952380952,False
1,0.0,104,0.48,0.7974358974358975,0.8452380952380952,False
1,0.0,105,0.455,0.7948717948717948,0.7619047619047619,False
1,0.0,106,0.43499999999999994,0.8025641025641026,0.7619047619047619,False
1,0.0,107,0.41000000000000003,0.8179487179487179,0.8452380952380952,False
1,0.0,108,0.38999999999999996,0.8102564102564103,0.7619047619047619,False
1,0.0,109,0.37,0.8076923076923077,0.9166666666666667,False
1,0.0,110,0.35000000000000003,0.8205128205128205,0.7619047619047619,False
1,0.0,111,0.335,0.8205128205128205,0.7619047619047619,False
1,0.0,112,0.315,0.8025641025641026,0.8452380952380952,False
1,0.0,113,0.3,0.7948717948717948,0.8452380952380952,False
1,0.0,114,0.28500000000000003,0.8,0.8452380952380952,False
1,0.0,115,0.27,0.8025641025641026,0.8452380952380952,False
1,0.0,116,0.26,0.8051282051282052,0.8452380952380952,False
1,0.0,117,0.245,0.8153846153846154,0.8452380952380952,False
1,0.0,118,0.23500000000000001,0.8256410256410256,0.9166666666666667,False
1,0.0,119,0.22,0.8179487179487179,0.8452380952380952,False
1,0.0,120,0.21,0.8358974358974359,0.9166666666666667,False
1,0.0,121,0.2,0.8435897435897436,0.9166666666666667,False
1,0.0,122,0.19,0.8538461538461538,0.9166666666666667,False
1,0.0,123,0.18,0.8487179487179487,0.9166666666666667,False
1,0.0,124,0.16999999999999998,0.8487179487179487,0.9166666666666667,False
1,0.0,125,0.16,0.8512820512820513,0.9166666666666667,False
1,0.0,126,0.155,0.8487179487179487,0.9166666666666667,False
1,0.0,127,0.145,0.8384615384615385,0.9166666666666667,False
1,0.0,128,0.13999999999999999,0.8487179487179487,0.9166666666666667,False
1,0.0,129,0.13,0.8435897435897436,0.9166666666666667,False
1,0.0,130,0.125,0.841025641025641,0.9166666666666667,False
1,0.0,131,0.12,0.8384615384615385,0.9166666666666667,False
1,0.0,132,0.11,0.8487179487179487,0.9166666666666667,False
1,0.0,133,0.105,0.8512820512820513,0.9166666666666667,False
1,0.0,134,0.1,0.841025641025641,0.9166666666666667,False
1,0.0,135,0.095,0.8461538461538461,0.9166666666666667,False
1,0.0,136,0.09,0.8358974358974359,0.9166666666666667,False
1,0.0,137,0.08499999999999999,0.8307692307692308,0.9166666666666667,False
1,0.0,138,0.08,0.8358974358974359,0.9166666666666667,False
1,0.0,139,0.075,0.8256410256410256,0.9166666666666667,False
1,0.0,140,0.06999999999999999,0.8333333333333334,0.9166666666666667,False
1,0.0,141,0.065,0.8461538461538461,0.9166666666666667,False
1,0.0,142,0.06,0.8435897435897436,0.9166666666666667,False
1,0.0,143,0.055,0.8307692307692308,0.9166666666666667,True
1,0.0,144,0.05,0.8384615384615385,0.9166666666666667,False
1,0.0,145,0.045,0.8307692307692308,0.8452380952380952,False
1,0.5,0,100.0,0.7538461538461538,0.8452380952380952,False
1,0.5,1,95.0,0.7564102564102564,0.8452380952380952,False
1,0.5,2,90.25,0.7487179487179487,0.8452380952380952,False
1,0.5,3,85.735,0.7487179487179487,0.8452380952380952,False
1,0.5,4,81.45,0.7512820512820513,0.8452380952380952,False
1,0.5,5,77.375,0.7461538461538462,0.8452380952380952,False
1,0.5,6,73.505,0.7461538461538462,0.8452380952380952,False
1,0.5,7,69.83,0.7461538461538462,0.8452380952380952,False
1,0.5,8,66.34,0.735897435897436,0.8452380952380952,False
1,0.5,9,63.019999999999996,0.7384615384615385,0.8452380952380952,False
1,0.5,10,59.870000000000005,0.735897435897436,0.8452380952380952,False
1,0.5,11,56.879999999999995,0.7333333333333333,0.8452380952380952,False
1,0.5,12,54.035,0.7512820512820513,0.8452380952380952,False
1,0.5,13,51.33,0.7410256410256411,0.8452380952380952,False
1,0.5,14,48.765,0.7435897435897436,0.8452380952380952,False
1,0.5,15,46.325,0.7410256410256411,0.8452380952380952,False
1,0.5,16,44.01,0.7435897435897436,0.8452380952380952,False
1,0.5,17,41.81,0.7487179487179487,0.8452380952380952,False
1,0.5,18,39.72,0.7410256410256411,0.8452380952380952,False
1,0.5,19,37.735,0.7461538461538462,0.8452380952380952,False
1,0.5,20,35.845,0.7512820512820513,0.8452380952380952,False
1,0.5,21,34.055,0.7487179487179487,0.8452380952380952,False
1,0.5,22,32.35,0.7435897435897436,0.8452380952380952,False
1,0.5,23,30.735,0.7512820512820513,0.8452380952380952,False
1,0.5,24,29.195,0.7512820512820513,0.8452380952380952,False
1,0.5,25,27.735,0.7435897435897436,0.8452380952380952,False
1,0.5,26,26.35,0.7487179487179487,0.8452380952380952,False
1,0.5,27,25.03,0.7307692307692307,0.8452380952380952,False
1,0.5,28,23.78,0.7384615384615385,0.8452380952380952,False
1,0.5,29,22.59,0.7435897435897436,0.8452380952380952,False
1,0.5,30,21.46,0.7435897435897436,0.8452380952380952,False
1,0.5,31,20.39,0.7435897435897436,0.8452380952380952,False
1,0.5,32,19.37,0.7461538461538462,0.8452380952380952,False
1,0.5,33,18.4,0.7384615384615385,0.8452380952380952,False
1,0.5,34,17.48,0.7384615384615385,0.8452380952380952,False
1,0.5,35,16.605,0.7461538461538462,0.8452380952380952,False
1,0.5,36,15.775,0.7538461538461538,0.8452380952380952,False
1,0.5,37,14.985000000000001,0.7333333333333333,0.8452380952380952,False
1,0.5,38,14.235000000000001,0.7282051282051282,0.8452380952380952,False
1,0.5,39,13.525,0.7282051282051282,0.8452380952380952,False
1,0.5,40,12.85,0.7282051282051282,0.8452380952380952,False
1,0.5,41,12.205,0.7230769230769231,0.8452380952380952,False
1,0.5,42,11.594999999999999,0.7205128205128205,0.8452380952380952,False
1,0.5,43,11.015,0.7205128205128205,0.8452380952380952,False
1,0.5,44,10.465,0.7256410256410256,0.8452380952380952,False
1,0.5,45,9.94,0.7282051282051282,0.8452380952380952,False
1,0.5,46,9.445,0.7230769230769231,0.8452380952380952,False
1,0.5,47,8.97,0.7307692307692307,0.8452380952380952,False
1,0.5,48,8.525,0.7230769230769231,0.8452380952380952,False
1,0.5,49,8.094999999999999,0.7205128205128205,0.8452380952380952,False
1,0.5,50,7.6899999999999995,0.7205128205128205,0.8452380952380952,False
1,0.5,51,7.305000000000001,0.7025641025641025,0.8452380952380952,False
1,0.5,52,6.94,0.7102564102564103,0.8452380952380952,False
1,0.5,53,6.595,0.7076923076923077,0.8452380952380952,False
1,0.5,54,6.265,0.7076923076923077,0.8452380952380952,False
1,0.5,55,5.949999999999999,0.7051282051282052,0.8452380952380952,False
1,0.5,56,5.655,0.6974358974358974,0.8452380952380952,False
1,0.5,57,5.37,0.7,0.8452380952380952,False
1,0.5,58,5.1,0.7025641025641025,0.8452380952380952,False
1,0.5,59,4.845,0.7025641025641025,0.8452380952380952,False
1,0.5,60,4.605,0.7051282051282052,0.8452380952380952,False
1,0.5,61,4.375,0.7025641025641025,0.8452380952380952,False
1,0.5,62,4.154999999999999,0.6923076923076923,0.8452380952380952,False
1,0.5,63,3.945,0.6897435897435897,0.8452380952380952,False
1,0.5,64,3.75,0.6948717948717948,0.8452380952380952,False
1,0.5,65,3.56,0.6948717948717948,0.8452380952380952,False
1,0.5,66,3.385,0.6871794871794872,0.8452380952380952,False
1,0.5,67,3.215,0.6871794871794872,0.8452380952380952,False
1,0.5,68,3.055,0.6897435897435897,0.8452380952380952,False
1,0.5,69,2.9000000000000004,0.6923076923076923,0.8452380952380952,False
1,0.5,70,2.7550000000000003,0.7051282051282052,0.8452380952380952,False
1,0.5,71,2.62,0.7128205128205128,0.8452380952380952,False
1,0.5,72,2.485,0.7025641025641025,0.8452380952380952,False
1,0.5,73,2.36,0.6820512820512821,0.7619047619047619,False
1,0.5,74,2.245,0.6948717948717948,0.7619047619047619,False
1,0.5,75,2.13,0.6948717948717948,0.7619047619047619,False
1,0.5,76,2.025,0.7076923076923077,0.7619047619047619,False
1,0.5,77,1.925,0.6948717948717948,0.7619047619047619,False
1,0.5,78,1.825,0.7051282051282052,0.7619047619047619,False
1,0.5,79,1.735,0.6948717948717948,0.7619047619047619,False
1,0.5,80,1.6500000000000001,0.6974358974358974,0.7619047619047619,False
1,0.5,81,1.5650000000000002,0.7102564102564103,0.7619047619047619,False
1,0.5,82,1.49,0.7076923076923077,0.7619047619047619,False
1,0.5,83,1.415,0.7,0.7619047619047619,False
1,0.5,84,1.345,0.7128205128205128,0.7619047619047619,False
1,0.5,85,1.275,0.7051282051282052,0.8452380952380952,False
1,0.5,86,1.21,0.7051282051282052,0.7619047619047619,False
1,0.5,87,1.15,0.6948717948717948,0.8452380952380952,False
1,0.5,88,1.095,0.7,0.8452380952380952,False
1,0.5,89,1.04,0.7256410256410256,0.8452380952380952,False
1,0.5,90,0.985,0.7205128205128205,0.8452380952380952,False
1,0.5,91,0.935,0.7153846153846154,0.8452380952380952,False
1,0.5,92,0.89,0.7282051282051282,0.8452380952380952,False
1,0.5,93,0.845,0.7333333333333333,0.8452380952380952,False
1,0.5,94,0.8049999999999999,0.7435897435897436,0.8452380952380952,False
1,0.5,95,0.765,0.7589743589743589,0.8452380952380952,False
1,0.5,96,0.7250000000000001,0.7564102564102564,0.8452380952380952,False
1,0.5,97,0.69,0.7538461538461538,0.8452380952380952,False
1,0.5,98,0.655,0.7487179487179487,0.8452380952380952,False
1,0.5,99,0.62,0.7538461538461538,0.8452380952380952,False
1,0.5,100,0.59,0.764102564102564,0.8452380952380952,False
1,0.5,101,0.5599999999999999,0.7692307692307693,0.8452380952380952,False
1,0.5,102,0.53,0.7615384615384615,0.8452380952380952,False
1,0.5,103,0.505,0.7692307692307693,0.8452380952380952,False
1,0.5,104,0.48,0.7794871794871795,0.8452380952380952,False
1,0.5,105,0.455,0.7743589743589744,0.8452380952380952,False
1,0.5,106,0.43499999999999994,0.782051282051282,0.7619047619047619,False
1,0.5,107,0.41000000000000003,0.7717948717948718,0.8452380952380952,False
1,0.5,108,0.38999999999999996,0.7717948717948718,0.8452380952380952,False
1,0.5,109,0.37,0.764102564102564,0.8452380952380952,False
1,0.5,110,0.35000000000000003,0.7769230769230769,0.8452380952380952,False
1,0.5,111,0.335,0.7897435897435897,0.8452380952380952,False
1,0.5,112,0.315,0.782051282051282,0.8452380952380952,False
1,0.5,113,0.3,0.7897435897435897,0.8452380952380952,False
1,0.5,114,0.28500000000000003,0.7897435897435897,0.8452380952380952,False
1,0.5,115,0.27,0.7846153846153846,0.8452380952380952,False
1,0.5,116,0.26,0.7871794871794872,0.8452380952380952,False
1,0.5,117,0.245,0.7897435897435897,0.8452380952380952,False
1,0.5,118,0.23500000000000001,0.7846153846153846,0.8452380952380952,False
1,0.5,119,0.22,0.7461538461538462,0.7619047619047619,False
1,0.5,120,0.21,0.7333333333333333,0.7619047619047619,False
1,0.5,121,0.2,0.735897435897436,0.7619047619047619,False
1,0.5,122,0.19,0.7410256410256411,0.7619047619047619,False
1,0.5,123,0.18,0.7384615384615385,0.7619047619047619,False
1,0.5,124,0.16999999999999998,0.7564102564102564,0.7619047619047619,False
1,0.5,125,0.16,0.7589743589743589,0.8452380952380952,False
1,0.5,126,0.155,0.7666666666666667,0.8452380952380952,False
1,0.5,127,0.145,0.7615384615384615,0.8452380952380952,False
1,0.5,128,0.13999999999999999,0.7769230769230769,0.8452380952380952,False
1,0.5,129,0.13,0.7692307692307693,0.8452380952380952,False
1,0.5,130,0.125,0.7666666666666667,0.8452380952380952,False
1,0.5,131,0.12,0.7794871794871795,0.8452380952380952,False
1,0.5,132,0.11,0.7717948717948718,0.8452380952380952,False
1,0.5,133,0.105,0.7794871794871795,0.8452380952380952,False
1,0.5,134,0.1,0.7743589743589744,0.8452380952380952,False
1,0.5,135,0.095,0.7846153846153846,0.8452380952380952,False
1,0.5,136,0.09,0.7871794871794872,0.8452380952380952,False
1,0.5,137,0.08499999999999999,0.782051282051282,0.8452380952380952,False
1,0.5,138,0.08,0.7692307692307693,0.8452380952380952,False
1,0.5,139,0.075,0.7794871794871795,0.8452380952380952,True
1,0.5,140,0.06999999999999999,0.7846153846153846,0.8452380952380952,False
1,0.5,141,0.065,0.7897435897435897,0.7619047619047619,False
1,0.5,142,0.06,0.7948717948717948,0.8452380952380952,False
1,0.5,143,0.055,0.7974358974358975,0.7619047619047619,False
1,0.5,144,0.05,0.7974358974358975,0.7619047619047619,False
1,0.5,145,0.045,0.7974358974358975,0.7619047619047619,False
1,1.0,0,100.0,0.7538461538461538,0.8452380952380952,False
1,1.0,1,95.0,0.7512820512820513,0.8452380952380952,False
1,1.0,2,90.25,0.7538461538461538,0.8452380952380952,False
1,1.0,3,85.735,0.7410256410256411,0.8452380952380952,False
1,1.0,4,81.45,0.7410256410256411,0.8452380952380952,False
1,1.0,5,77.375,0.7461538461538462,0.8452380952380952,False
1,1.0,6,73.505,0.7435897435897436,0.8452380952380952,False
1,1.0,7,69.83,0.7435897435897436,0.8452380952380952,False
1,1.0,8,66.34,0.7307692307692307,0.8452380952380952,False
1,1.0,9,63.019999999999996,0.7307692307692307,0.8452380952380952,False
1,1.0,10,59.870000000000005,0.7333333333333333,0.8452380952380952,False
1,1.0,11,56.879999999999995,0.7384615384615385,0.8452380952380952,False
1,1.0,12,54.035,0.735897435897436,0.8452380952380952,False
1,1.0,13,51.33,0.7410256410256411,0.8452380952380952,False
1,1.0,14,48.765,0.7333333333333333,0.8452380952380952,False
1,1.0,15,46.325,0.7282051282051282,0.8452380952380952,False
1,1.0,16,44.01,0.7333333333333333,0.8452380952380952,False
1,1.0,17,41.81,0.7384615384615385,0.8452380952380952,False
1,1.0,18,39.72,0.7384615384615385,0.8452380952380952,False
1,1.0,19,37.735,0.7461538461538462,0.8452380952380952,False
1,1.0,20,35.845,0.7487179487179487,0.8452380952380952,False
1,1.0,21,34.055,0.7435897435897436,0.8452380952380952,False
1,1.0,22,32.35,0.7384615384615385,0.8452380952380952,False
1,1.0,23,30.735,0.7333333333333333,0.8452380952380952,False
1,1.0,24,29.195,0.7282051282051282,0.8452380952380952,False
1,1.0,25,27.735,0.7282051282051282,0.8452380952380952,False
1,1.0,26,26.35,0.7410256410256411,0.8452380952380952,False
1,1.0,27,25.03,0.7435897435897436,0.8452380952380952,False
1,1.0,28,23.78,0.7384615384615385,0.8452380952380952,False
1,1.0,29,22.59,0.7384615384615385,0.8452380952380952,False
1,1.0,30,21.46,0.7307692307692307,0.8452380952380952,False
1,1.0,31,20.39,0.7230769230769231,0.8452380952380952,False
1,1.0,32,19.37,0.7282051282051282,0.8452380952380952,False
1,1.0,33,18.4,0.7128205128205128,0.8452380952380952,False
1,1.0,34,17.48,0.7076923076923077,0.8452380952380952,False
1,1.0,35,16.605,0.717948717948718,0.8452380952380952,False
1,1.0,36,15.775,0.717948717948718,0.8452380952380952,False
1,1.0,37,14.985000000000001,0.7153846153846154,0.8452380952380952,False
1,1.0,38,14.235000000000001,0.7153846153846154,0.8452380952380952,False
1,1.0,39,13.525,0.7230769230769231,0.8452380952380952,False
1,1.0,40,12.85,0.7333333333333333,0.8452380952380952,False
1,1.0,41,12.205,0.7205128205128205,0.8452380952380952,False
1,1.0,42,11.594999999999999,0.7128205128205128,0.8452380952380952,False
1,1.0,43,11.015,0.7153846153846154,0.8452380952380952,False
1,1.0,44,10.465,0.7128205128205128,0.8452380952380952,False
1,1.0,45,9.94,0.7,0.8452380952380952,False
1,1.0,46,9.445,0.6948717948717948,0.8452380952380952,False
1,1.0,47,8.97,0.6948717948717948,0.8452380952380952,False
1,1.0,48,8.525,0.6923076923076923,0.8452380952380952,False
1,1.0,49,8.094999999999999,0.6871794871794872,0.8452380952380952,False
1,1.0,50,7.6899999999999995,0.6871794871794872,0.8452380952380952,False
1,1.0,51,7.305000000000001,0.6923076923076923,0.8452380952380952,False
1,1.0,52,6.94,0.7051282051282052,0.8452380952380952,False
1,1.0,53,6.595,0.6846153846153846,0.8452380952380952,False
1,1.0,54,6.265,0.6846153846153846,0.7619047619047619,False
1,1.0,55,5.949999999999999,0.6846153846153846,0.7619047619047619,False
1,1.0,56,5.655,0.6846153846153846,0.7619047619047619,False
1,1.0,57,5.37,0.6897435897435897,0.7619047619047619,False
1,1.0,58,5.1,0.6974358974358974,0.7619047619047619,False
1,1.0,59,4.845,0.6871794871794872,0.7619047619047619,False
1,1.0,60,4.605,0.6846153846153846,0.7619047619047619,False
1,1.0,61,4.375,0.6820512820512821,0.7619047619047619,False
1,1.0,62,4.154999999999999,0.6897435897435897,0.7619047619047619,False
1,1.0,63,3.945,0.6897435897435897,0.7619047619047619,False
1,1.0,64,3.75,0.6820512820512821,0.7619047619047619,False
1,1.0,65,3.56,0.676923076923077,0.7619047619047619,False
1,1.0,66,3.385,0.6743589743589744,0.7619047619047619,False
1,1.0,67,3.215,0.676923076923077,0.7619047619047619,False
1,1.0,68,3.055,0.6820512820512821,0.7619047619047619,False
1,1.0,69,2.9000000000000004,0.6641025641025641,0.7619047619047619,False
1,1.0,70,2.7550000000000003,0.676923076923077,0.7619047619047619,False
1,1.0,71,2.62,0.7025641025641025,0.7619047619047619,False
1,1.0,72,2.485,0.6974358974358974,0.7619047619047619,False
1,1.0,73,2.36,0.7025641025641025,0.7619047619047619,False
1,1.0,74,2.245,0.6820512820512821,0.7619047619047619,False
1,1.0,75,2.13,0.6743589743589744,0.7619047619047619,False
1,1.0,76,2.025,0.6615384615384615,0.7619047619047619,False
1,1.0,77,1.925,0.6615384615384615,0.7619047619047619,False
1,1.0,78,1.825,0.6743589743589744,0.7619047619047619,False
1,1.0,79,1.735,0.6846153846153846,0.7619047619047619,False
1,1.0,80,1.6500000000000001,0.676923076923077,0.7619047619047619,False
1,1.0,81,1.5650000000000002,0.676923076923077,0.7619047619047619,False
1,1.0,82,1.49,0.6794871794871795,0.7619047619047619,False
1,1.0,83,1.415,0.6897435897435897,0.7619047619047619,False
1,1.0,84,1.345,0.7051282051282052,0.7619047619047619,False
1,1.0,85,1.275,0.6871794871794872,0.7619047619047619,False
1,1.0,86,1.21,0.6948717948717948,0.7619047619047619,False
1,1.0,87,1.15,0.6871794871794872,0.7619047619047619,False
1,1.0,88,1.095,0.7076923076923077,0.7619047619047619,False
1,1.0,89,1.04,0.7128205128205128,0.7619047619047619,False
1,1.0,90,0.985,0.6948717948717948,0.7619047619047619,False
1,1.0,91,0.935,0.6923076923076923,0.7619047619047619,False
1,1.0,92,0.89,0.7076923076923077,0.7619047619047619,False
1,1.0,93,0.845,0.7205128205128205,0.7619047619047619,False
1,1.0,94,0.8049999999999999,0.7128205128205128,0.7619047619047619,False
1,1.0,95,0.765,0.7102564102564103,0.7619047619047619,False
1,1.0,96,0.7250000000000001,0.7,0.7619047619047619,False
1,1.0,97,0.69,0.7102564102564103,0.7619047619047619,False
1,1.0,98,0.655,0.7128205128205128,0.7619047619047619,False
1,1.0,99,0.62,0.7128205128205128,0.7619047619047619,False
1,1.0,100,0.59,0.7128205128205128,0.7619047619047619,False
1,1.0,101,0.5599999999999999,0.6897435897435897,0.6785714285714286,False
1,1.0,102,0.53,0.6820512820512821,0.6785714285714286,False
1,1.0,103,0.505,0.6897435897435897,0.6785714285714286,False
1,1.0,104,0.48,0.7025641025641025,0.6785714285714286,False
1,1.0,105,0.455,0.7307692307692307,0.8452380952380952,False
1,1.0,106,0.43499999999999994,0.7,0.6785714285714286,False
1,1.0,107,0.41000000000000003,0.7153846153846154,0.8452380952380952,False
1,1.0,108,0.38999999999999996,0.7076923076923077,0.8452380952380952,False
1,1.0,109,0.37,0.7128205128205128,0.7619047619047619,False
1,1.0,110,0.35000000000000003,0.7051282051282052,0.7619047619047619,False
1,1.0,111,0.335,0.7230769230769231,0.7619047619047619,False
1,1.0,112,0.315,0.735897435897436,0.8452380952380952,False
1,1.0,113,0.3,0.7153846153846154,0.8452380952380952,False
1,1.0,114,0.28500000000000003,0.7307692307692307,0.8452380952380952,False
1,1.0,115,0.27,0.735897435897436,0.8452380952380952,False
1,1.0,116,0.26,0.7205128205128205,0.8452380952380952,False
1,1.0,117,0.245,0.7307692307692307,0.8452380952380952,False
1,1.0,118,0.23500000000000001,0.7153846153846154,0.8452380952380952,False
1,1.0,119,0.22,0.7256410256410256,0.8452380952380952,True
1,1.0,120,0.21,0.7230769230769231,0.8452380952380952,False
1,1.0,121,0.2,0.7256410256410256,0.7619047619047619,False
1,1.0,122,0.19,0.7333333333333333,0.7619047619047619,False
1,1.0,123,0.18,0.7487179487179487,0.7619047619047619,False
1,1.0,124,0.16999999999999998,0.7487179487179487,0.7619047619047619,False
1,1.0,125,0.16,0.7487179487179487,0.6785714285714286,False
1,1.0,126,0.155,0.7666666666666667,0.6785714285714286,False
1,1.0,127,0.145,0.764102564102564,0.6785714285714286,False
1,1.0,128,0.13999999999999999,0.7435897435897436,0.6785714285714286,False
1,1.0,129,0.13,0.7205128205128205,0.6785714285714286,False
1,1.0,130,0.125,0.7076923076923077,0.6785714285714286,False
1,1.0,131,0.12,0.7256410256410256,0.6785714285714286,False
1,1.0,132,0.11,0.717948717948718,0.6785714285714286,False
1,1.0,133,0.105,0.7230769230769231,0.6785714285714286,False
1,1.0,134,0.1,0.7256410256410256,0.6785714285714286,False
1,1.0,135,0.095,0.735897435897436,0.6785714285714286,False
1,1.0,136,0.09,0.7410256410256411,0.6785714285714286,False
1,1.0,137,0.08499999999999999,0.7435897435897436,0.6785714285714286,False
1,1.0,138,0.08,0.7589743589743589,0.6785714285714286,False
1,1.0,139,0.075,0.7589743589743589,0.6785714285714286,False
1,1.0,140,0.06999999999999999,0.7512820512820513,0.6785714285714286,False
1,1.0,141,0.065,0.7512820512820513,0.75,False
1,1.0,142,0.06,0.7615384615384615,0.75,False
1,1.0,143,0.055,0.7461538461538462,0.75,False
1,1.0,144,0.05,0.7512820512820513,0.75,False
1,1.0,145,0.045,0.7538461538461538,0.75,False
1,2.0,0,100.0,0.7538461538461538,0.8452380952380952,False
1,2.0,1,95.0,0.7512820512820513,0.8452380952380952,False
1,2.0,2,90.25,0.7487179487179487,0.8452380952380952,False
1,2.0,3,85.735,0.7410256410256411,0.8452380952380952,False
1,2.0,4,81.45,0.7307692307692307,0.8452380952380952,False
1,2.0,5,77.375,0.7333333333333333,0.8452380952380952,False
1,2.0,6,73.505,0.7282051282051282,0.7619047619047619,False
1,2.0,7,69.83,0.7307692307692307,0.8452380952380952,False
1,2.0,8,66.34,0.7230769230769231,0.8452380952380952,False
1,2.0,9,63.019999999999996,0.7282051282051282,0.8452380952380952,False
1,2.0,10,59.870000000000005,0.7230769230769231,0.8452380952380952,False
1,2.0,11,56.879999999999995,0.7205128205128205,0.7619047619047619,False
1,2.0,12,54.035,0.7256410256410256,0.7619047619047619,False
1,2.0,13,51.33,0.7307692307692307,0.8452380952380952,False
1,2.0,14,48.765,0.7333333333333333,0.8452380952380952,False
1,2.0,15,46.325,0.7205128205128205,0.8452380952380952,False
1,2.0,16,44.01,0.717948717948718,0.8452380952380952,False
1,2.0,17,41.81,0.7128205128205128,0.8452380952380952,False
1,2.0,18,39.72,0.7,0.8452380952380952,False
1,2.0,19,37.735,0.7051282051282052,0.8452380952380952,False
1,2.0,20,35.845,0.7051282051282052,0.8452380952380952,False
1,2.0,21,34.055,0.7076923076923077,0.8452380952380952,False
1,2.0,22,32.35,0.7,0.8452380952380952,False
1,2.0,23,30.735,0.7,0.8452380952380952,False
1,2.0,24,29.195,0.6948717948717948,0.8452380952380952,False
1,2.0,25,27.735,0.6897435897435897,0.8452380952380952,False
1,2.0,26,26.35,0.6948717948717948,0.8452380952380952,False
1,2.0,27,25.03,0.6820512820512821,0.8452380952380952,False
1,2.0,28,23.78,0.6897435897435897,0.8452380952380952,False
1,2.0,29,22.59,0.6897435897435897,0.8452380952380952,False
1,2.0,30,21.46,0.6820512820512821,0.8452380952380952,False
1,2.0,31,20.39,0.7,0.8452380952380952,False
1,2.0,32,19.37,0.7,0.8452380952380952,False
1,2.0,33,18.4,0.6897435897435897,0.8452380952380952,False
1,2.0,34,17.48,0.6846153846153846,0.8452380952380952,False
1,2.0,35,16.605,0.676923076923077,0.8452380952380952,False
1,2.0,36,15.775,0.6820512820512821,0.8452380952380952,False
1,2.0,37,14.985000000000001,0.6871794871794872,0.8452380952380952,False
1,2.0,38,14.235000000000001,0.6897435897435897,0.8452380952380952,False
1,2.0,39,13.525,0.6846153846153846,0.8452380952380952,False
1,2.0,40,12.85,0.6717948717948717,0.8452380952380952,False
1,2.0,41,12.205,0.6666666666666666,0.8452380952380952,False
1,2.0,42,11.594999999999999,0.6641025641025641,0.8452380952380952,False
1,2.0,43,11.015,0.6641025641025641,0.8452380952380952,False
1,2.0,44,10.465,0.6615384615384615,0.8452380952380952,False
1,2.0,45,9.94,0.6641025641025641,0.8452380952380952,False
1,2.0,46,9.445,0.6666666666666666,0.8452380952380952,False
1,2.0,47,8.97,0.6641025641025641,0.8452380952380952,False
1,2.0,48,8.525,0.6564102564102564,0.8452380952380952,False
1,2.0,49,8.094999999999999,0.6487179487179487,0.8452380952380952,False
1,2.0,50,7.6899999999999995,0.6435897435897436,0.8452380952380952,False
1,2.0,51,7.305000000000001,0.6358974358974359,0.8452380952380952,False
1,2.0,52,6.94,0.6435897435897436,0.8452380952380952,False
1,2.0,53,6.595,0.6487179487179487,0.8452380952380952,False
1,2.0,54,6.265,0.6461538461538462,0.8452380952380952,False
1,2.0,55,5.949999999999999,0.6410256410256411,0.8452380952380952,False
1,2.0,56,5.655,0.6487179487179487,0.8452380952380952,False
1,2.0,57,5.37,0.6615384615384615,0.8452380952380952,False
1,2.0,58,5.1,0.6666666666666666,0.8452380952380952,False
1,2.0,59,4.845,0.658974358974359,0.8452380952380952,False
1,2.0,60,4.605,0.6615384615384615,0.8452380952380952,False
1,2.0,61,4.375,0.6461538461538462,0.8452380952380952,False
1,2.0,62,4.154999999999999,0.6564102564102564,0.9166666666666667,False
1,2.0,63,3.945,0.658974358974359,0.9166666666666667,False
1,2.0,64,3.75,0.6615384615384615,0.8452380952380952,False
1,2.0,65,3.56,0.6435897435897436,0.8452380952380952,False
1,2.0,66,3.385,0.6205128205128205,0.9166666666666667,False
1,2.0,67,3.215,0.6230769230769231,0.9166666666666667,False
1,2.0,68,3.055,0.6358974358974359,0.9166666666666667,False
1,2.0,69,2.9000000000000004,0.6384615384615384,0.9166666666666667,False
1,2.0,70,2.7550000000000003,0.6358974358974359,0.9166666666666667,False
1,2.0,71,2.62,0.6512820512820513,0.9166666666666667,False
1,2.0,72,2.485,0.6487179487179487,0.9166666666666667,False
1,2.0,73,2.36,0.6692307692307692,0.9166666666666667,False
1,2.0,74,2.245,0.6564102564102564,0.9166666666666667,False
1,2.0,75,2.13,0.6615384615384615,0.9166666666666667,False
1,2.0,76,2.025,0.6615384615384615,0.9166666666666667,False
1,2.0,77,1.925,0.6666666666666666,0.9166666666666667,False
1,2.0,78,1.825,0.658974358974359,0.9166666666666667,False
1,2.0,79,1.735,0.6205128205128205,0.9166666666666667,False
1,2.0,80,1.6500000000000001,0.6307692307692307,0.9166666666666667,False
1,2.0,81,1.5650000000000002,0.6230769230769231,0.8333333333333333,False
1,2.0,82,1.49,0.6307692307692307,0.9166666666666667,False
1,2.0,83,1.415,0.6205128205128205,0.9166666666666667,False
1,2.0,84,1.345,0.6076923076923076,0.9166666666666667,False
1,2.0,85,1.275,0.6282051282051282,0.9166666666666667,True
1,2.0,86,1.21,0.6230769230769231,0.9166666666666667,False
1,2.0,87,1.15,0.6076923076923076,0.8333333333333333,False
1,2.0,88,1.095,0.5846153846153846,0.8333333333333333,False
1,2.0,89,1.04,0.5897435897435898,0.8333333333333333,False
1,2.0,90,0.985,0.6128205128205129,0.8333333333333333,False
1,2.0,91,0.935,0.6051282051282051,0.8333333333333333,False
1,2.0,92,0.89,0.5846153846153846,0.8333333333333333,False
1,2.0,93,0.845,0.5846153846153846,0.7619047619047619,False
1,2.0,94,0.8049999999999999,0.5692307692307692,0.8333333333333333,False
1,2.0,95,0.765,0.6153846153846154,0.75,False
1,2.0,96,0.7250000000000001,0.5974358974358974,0.75,False
1,2.0,97,0.69,0.5974358974358974,0.8333333333333333,False
1,2.0,98,0.655,0.5923076923076923,0.8333333333333333,False
1,2.0,99,0.62,0.5743589743589743,0.75,False
1,2.0,100,0.59,0.5769230769230769,0.75,False
1,2.0,101,0.5599999999999999,0.5076923076923077,0.5119047619047619,False
1,2.0,102,0.53,0.4897435897435897,0.42857142857142855,False
1,2.0,103,0.505,0.5,0.5,False
1,2.0,104,0.48,0.5025641025641026,0.5833333333333334,False
1,2.0,105,0.455,0.5205128205128206,0.5833333333333334,False
1,2.0,106,0.43499999999999994,0.5153846153846153,0.5833333333333334,False
1,2.0,107,0.41000000000000003,0.5051282051282051,0.6666666666666666,False
1,2.0,108,0.38999999999999996,0.49743589743589745,0.6666666666666666,False
1,2.0,109,0.37,0.4948717948717949,0.6666666666666666,False
1,2.0,110,0.35000000000000003,0.4948717948717949,0.6666666666666666,False
1,2.0,111,0.335,0.49743589743589745,0.75,False
1,2.0,112,0.315,0.5,0.6785714285714286,False
1,2.0,113,0.3,0.47435897435897434,0.44047619047619047,False
1,2.0,114,0.28500000000000003,0.49230769230769234,0.44047619047619047,False
1,2.0,115,0.27,0.4897435897435897,0.44047619047619047,False
1,2.0,116,0.26,0.4897435897435897,0.5119047619047619,False
1,2.0,117,0.245,0.5025641025641026,0.5119047619047619,False
1,2.0,118,0.23500000000000001,0.5025641025641026,0.5119047619047619,False
1,2.0,119,0.22,0.5230769230769231,0.5119047619047619,False
1,2.0,120,0.21,0.4846153846153846,0.44047619047619047,False
1,2.0,121,0.2,0.4846153846153846,0.44047619047619047,False
1,2.0,122,0.19,0.517948717948718,0.44047619047619047,False
1,2.0,123,0.18,0.49743589743589745,0.44047619047619047,False
1,2.0,124,0.16999999999999998,0.4897435897435897,0.44047619047619047,False
1,2.0,125,0.16,0.49743589743589745,0.5833333333333334,False
1,2.0,126,0.155,0.48717948717948717,0.5,False
1,2.0,127,0.145,0.48205128205128206,0.42857142857142855,False
1,2.0,128,0.13999999999999999,0.4948717948717949,0.42857142857142855,False
1,2.0,129,0.13,0.5076923076923077,0.5,False
1,2.0,130,0.125,0.517948717948718,0.42857142857142855,False
1,2.0,131,0.12,0.5128205128205128,0.5,False
1,2.0,132,0.11,0.5076923076923077,0.5,False
1,2.0,133,0.105,0.5102564102564102,0.42857142857142855,False
1,2.0,134,0.1,0.4897435897435897,0.42857142857142855,False
1,2.0,135,0.095,0.48717948717948717,0.42857142857142855,False
1,2.0,136,0.09,0.4897435897435897,0.42857142857142855,False
1,2.0,137,0.08499999999999999,0.5051282051282051,0.5,False
1,2.0,138,0.08,0.5051282051282051,0.5,False
1,2.0,139,0.075,0.4794871794871795,0.42857142857142855,False
1,2.0,140,0.06999999999999999,0.4897435897435897,0.5,False
1,2.0,141,0.065,0.48717948717948717,0.5,False
1,2.0,142,0.06,0.5076923076923077,0.5,False
1,2.0,143,0.055,0.5128205128205128,0.5,False
1,2.0,144,0.05,0.4897435897435897,0.5,False
1,2.0,145,0.045,0.4717948717948718,0.5,False
1,5.0,0,100.0,0.7538461538461538,0.8452380952380952,False
1,5.0,1,95.0,0.7410256410256411,0.7619047619047619,False
1,5.0,2,90.25,0.735897435897436,0.7619047619047619,False
1,5.0,3,85.735,0.7230769230769231,0.7619047619047619,False
1,5.0,4,81.45,0.7128205128205128,0.7619047619047619,False
1,5.0,5,77.375,0.7,0.7619047619047619,False
1,5.0,6,73.505,0.7153846153846154,0.7619047619047619,False
1,5.0,7,69.83,0.7,0.7619047619047619,False
1,5.0,8,66.34,0.6948717948717948,0.7619047619047619,False
1,5.0,9,63.019999999999996,0.6974358974358974,0.7619047619047619,False
1,5.0,10,59.870000000000005,0.7,0.7619047619047619,False
1,5.0,11,56.879999999999995,0.6948717948717948,0.7619047619047619,False
1,5.0,12,54.035,0.6846153846153846,0.7619047619047619,False
1,5.0,13,51.33,0.6974358974358974,0.7619047619047619,False
1,5.0,14,48.765,0.7,0.8452380952380952,False
1,5.0,15,46.325,0.7025641025641025,0.8452380952380952,False
1,5.0,16,44.01,0.6948717948717948,0.8452380952380952,False
1,5.0,17,41.81,0.6948717948717948,0.8452380952380952,False
1,5.0,18,39.72,0.7,0.8452380952380952,False
1,5.0,19,37.735,0.6974358974358974,0.9166666666666667,False
1,5.0,20,35.845,0.7076923076923077,0.8452380952380952,False
1,5.0,21,34.055,0.7256410256410256,0.8452380952380952,False
1,5.0,22,32.35,0.7153846153846154,0.9166666666666667,False
1,5.0,23,30.735,0.7051282051282052,0.8452380952380952,False
1,5.0,24,29.195,0.7051282051282052,0.8452380952380952,False
1,5.0,25,27.735,0.7076923076923077,0.8452380952380952,False
1,5.0,26,26.35,0.7102564102564103,0.9166666666666667,False
1,5.0,27,25.03,0.6974358974358974,0.9166666666666667,False
1,5.0,28,23.78,0.6923076923076923,0.9166666666666667,False
1,5.0,29,22.59,0.6897435897435897,0.9166666666666667,False
1,5.0,30,21.46,0.6692307692307692,0.9166666666666667,False
1,5.0,31,20.39,0.6794871794871795,0.9166666666666667,False
1,5.0,32,19.37,0.676923076923077,0.9166666666666667,False
1,5.0,33,18.4,0.6846153846153846,0.9166666666666667,False
1,5.0,34,17.48,0.6743589743589744,0.9166666666666667,False
1,5.0,35,16.605,0.6743589743589744,0.9166666666666667,False
1,5.0,36,15.775,0.6615384615384615,0.9166666666666667,False
1,5.0,37,14.985000000000001,0.676923076923077,0.9166666666666667,False
1,5.0,38,14.235000000000001,0.6487179487179487,0.9166666666666667,False
1,5.0,39,13.525,0.6512820512820513,0.9166666666666667,False
1,5.0,40,12.85,0.6435897435897436,0.9166666666666667,False
1,5.0,41,12.205,0.6461538461538462,0.9166666666666667,False
1,5.0,42,11.594999999999999,0.6615384615384615,0.8452380952380952,False
1,5.0,43,11.015,0.6564102564102564,0.8452380952380952,False
1,5.0,44,10.465,0.6564102564102564,0.8452380952380952,False
1,5.0,45,9.94,0.676923076923077,0.8452380952380952,False
1,5.0,46,9.445,0.6743589743589744,0.8452380952380952,False
1,5.0,47,8.97,0.6743589743589744,0.8452380952380952,False
1,5.0,48,8.525,0.6846153846153846,0.9166666666666667,False
1,5.0,49,8.094999999999999,0.6794871794871795,0.9166666666666667,False
1,5.0,50,7.6899999999999995,0.6717948717948717,0.9166666666666667,False
1,5.0,51,7.305000000000001,0.6692307692307692,0.9166666666666667,False
1,5.0,52,6.94,0.6538461538461539,0.9166666666666667,False
1,5.0,53,6.595,0.6666666666666666,0.9166666666666667,False
1,5.0,54,6.265,0.658974358974359,0.9166666666666667,False
1,5.0,55,5.949999999999999,0.6666666666666666,0.9166666666666667,False
1,5.0,56,5.655,0.6692307692307692,0.9166666666666667,False
1,5.0,57,5.37,0.6615384615384615,0.9166666666666667,False
1,5.0,58,5.1,0.6666666666666666,0.9166666666666667,False
1,5.0,59,4.845,0.6717948717948717,0.9166666666666667,False
1,5.0,60,4.605,0.6717948717948717,0.9166666666666667,False
1,5.0,61,4.375,0.6692307692307692,0.9166666666666667,False
1,5.0,62,4.154999999999999,0.6538461538461539,0.9166666666666667,False
1,5.0,63,3.945,0.6461538461538462,0.9166666666666667,False
1,5.0,64,3.75,0.6256410256410256,0.9166666666666667,True
1,5.0,65,3.56,0.6487179487179487,0.9166666666666667,False
1,5.0,66,3.385,0.6435897435897436,0.8333333333333333,False
1,5.0,67,3.215,0.6282051282051282,0.8333333333333333,False
1,5.0,68,3.055,0.5948717948717949,0.75,False
1,5.0,69,2.9000000000000004,0.5974358974358974,0.7619047619047619,False
1,5.0,70,2.7550000000000003,0.5871794871794872,0.6785714285714286,False
1,5.0,71,2.62,0.5717948717948718,0.6666666666666666,False
1,5.0,72,2.485,0.558974358974359,0.5952380952380952,False
1,5.0,73,2.36,0.5666666666666667,0.6785714285714286,False
1,5.0,74,2.245,0.5615384615384615,0.6785714285714286,False
1,5.0,75,2.13,0.5435897435897435,0.6666666666666666,False
1,5.0,76,2.025,0.5282051282051282,0.5952380952380952,False
1,5.0,77,1.925,0.5487179487179488,0.6666666666666666,False
1,5.0,78,1.825,0.5256410256410257,0.5952380952380952,False
1,5.0,79,1.735,0.5230769230769231,0.5952380952380952,False
1,5.0,80,1.6500000000000001,0.5102564102564102,0.5952380952380952,False
1,5.0,81,1.5650000000000002,0.4846153846153846,0.5952380952380952,False
1,5.0,82,1.49,0.5,0.5952380952380952,False
1,5.0,83,1.415,0.5230769230769231,0.5833333333333334,False
1,5.0,84,1.345,0.48717948717948717,0.5,False
1,5.0,85,1.275,0.49230769230769234,0.5,False
1,5.0,86,1.21,0.49230769230769234,0.5,False
1,5.0,87,1.15,0.5076923076923077,0.5,False
1,5.0,88,1.095,0.5076923076923077,0.5,False
1,5.0,89,1.04,0.5,0.5,False
1,5.0,90,0.985,0.5051282051282051,0.5,False
1,5.0,91,0.935,0.49230769230769234,0.5,False
1,5.0,92,0.89,0.5076923076923077,0.5,False
1,5.0,93,0.845,0.5102564102564102,0.5,False
1,5.0,94,0.8049999999999999,0.5076923076923077,0.5,False
1,5.0,95,0.765,0.5102564102564102,0.5,False
1,5.0,96,0.7250000000000001,0.517948717948718,0.5,False
1,5.0,97,0.69,0.5025641025641026,0.5,False
1,5.0,98,0.655,0.49230769230769234,0.5,False
1,5.0,99,0.62,0.5102564102564102,0.5,False
1,5.0,100,0.59,0.517948717948718,0.5,False
1,5.0,101,0.5599999999999999,0.4948717948717949,0.5,False
1,5.0,102,0.53,0.5102564102564102,0.5,False
1,5.0,103,0.505,0.5333333333333333,0.5,False
1,5.0,104,0.48,0.5076923076923077,0.5,False
1,5.0,105,0.455,0.5333333333333333,0.5833333333333334,False
1,5.0,106,0.43499999999999994,0.5256410256410257,0.5833333333333334,False
1,5.0,107,0.41000000000000003,0.5358974358974359,0.5833333333333334,False
1,5.0,108,0.38999999999999996,0.5358974358974359,0.5,False
1,5.0,109,0.37,0.5230769230769231,0.5,False
1,5.0,110,0.35000000000000003,0.5153846153846153,0.5,False
1,5.0,111,0.335,0.5153846153846153,0.5,False
1,5.0,112,0.315,0.5153846153846153,0.5,False
1,5.0,113,0.3,0.5128205128205128,0.5,False
1,5.0,114,0.28500000000000003,0.5025641025641026,0.5,False
1,5.0,115,0.27,0.4717948717948718,0.5,False
1,5.0,116,0.26,0.4794871794871795,0.5,False
1,5.0,117,0.245,0.47435897435897434,0.5,False
1,5.0,118,0.23500000000000001,0.4512820512820513,0.42857142857142855,False
1,5.0,119,0.22,0.48717948717948717,0.42857142857142855,False
1,5.0,120,0.21,0.4846153846153846,0.42857142857142855,False
1,5.0,121,0.2,0.4666666666666667,0.42857142857142855,False
1,5.0,122,0.19,0.46923076923076923,0.42857142857142855,False
1,5.0,123,0.18,0.4641025641025641,0.5,False
1,5.0,124,0.16999999999999998,0.4717948717948718,0.5,False
1,5.0,125,0.16,0.48205128205128206,0.5,False
1,5.0,126,0.155,0.5025641025641026,0.5,False
1,5.0,127,0.145,0.5076923076923077,0.5,False
1,5.0,128,0.13999999999999999,0.5128205128205128,0.5,False
1,5.0,129,0.13,0.49743589743589745,0.5,False
1,5.0,130,0.125,0.5128205128205128,0.5,False
1,5.0,131,0.12,0.5051282051282051,0.5,False
1,5.0,132,0.11,0.5051282051282051,0.5,False
1,5.0,133,0.105,0.5,0.5,False
1,5.0,134,0.1,0.49743589743589745,0.5,False
1,5.0,135,0.095,0.5153846153846153,0.5,False
1,5.0,136,0.09,0.5435897435897435,0.5,False
1,5.0,137,0.08499999999999999,0.5358974358974359,0.5,False
1,5.0,138,0.08,0.517948717948718,0.5,False
1,5.0,139,0.075,0.5282051282051282,0.5,False
1,5.0,140,0.06999999999999999,0.5435897435897435,0.5,False
1,5.0,141,0.065,0.49743589743589745,0.5,False
1,5.0,142,0.06,0.5051282051282051,0.5,False
1,5.0,143,0.055,0.5230769230769231,0.5,False
1,5.0,144,0.05,0.5230769230769231,0.5,False
1,5.0,145,0.045,0.5230769230769231,0.5,False
2,0.0,0,100.0,0.7282051282051282,0.8333333333333333,False
2,0.0,1,95.0,0.7282051282051282,0.8333333333333333,False
2,0.0,2,90.25,0.7282051282051282,0.8333333333333333,False
2,0.0,3,85.735,0.7282051282051282,0.8333333333333333,False
2,0.0,4,81.45,0.7307692307692307,0.8333333333333333,False
2,0.0,5,77.375,0.7307692307692307,0.8333333333333333,False
2,0.0,6,73.505,0.7333333333333333,0.8333333333333333,False
2,0.0,7,69.83,0.7307692307692307,0.9166666666666667,False
2,0.0,8,66.34,0.7282051282051282,0.9166666666666667,False
2,0.0,9,63.019999999999996,0.7333333333333333,0.8333333333333333,False
2,0.0,10,59.870000000000005,0.735897435897436,0.8333333333333333,False
2,0.0,11,56.879999999999995,0.7333333333333333,0.8333333333333333,False
2,0.0,12,54.035,0.7333333333333333,0.8333333333333333,False
2,0.0,13,51.33,0.7333333333333333,0.8333333333333333,False
2,0.0,14,48.765,0.7307692307692307,0.8333333333333333,False
2,0.0,15,46.325,0.7333333333333333,0.8333333333333333,False
2,0.0,16,44.01,0.7384615384615385,0.8333333333333333,False
2,0.0,17,41.81,0.735897435897436,0.8333333333333333,False
2,0.0,18,39.72,0.7307692307692307,0.8333333333333333,False
2,0.0,19,37.735,0.7230769230769231,0.8333333333333333,False
2,0.0,20,35.845,0.7128205128205128,0.8333333333333333,False
2,0.0,21,34.055,0.717948717948718,0.8333333333333333,False
2,0.0,22,32.35,0.7102564102564103,0.8333333333333333,False
2,0.0,23,30.735,0.7205128205128205,0.8333333333333333,False
2,0.0,24,29.195,0.7128205128205128,0.8333333333333333,False
2,0.0,25,27.735,0.7128205128205128,0.8333333333333333,False
2,0.0,26,26.35,0.7153846153846154,0.8333333333333333,False
2,0.0,27,25.03,0.7102564102564103,0.8333333333333333,False
2,0.0,28,23.78,0.7076923076923077,0.9166666666666667,False
2,0.0,29,22.59,0.7,0.8333333333333333,False
2,0.0,30,21.46,0.717948717948718,0.9166666666666667,False
2,0.0,31,20.39,0.7153846153846154,0.9166666666666667,False
2,0.0,32,19.37,0.7128205128205128,0.9166666666666667,False
2,0.0,33,18.4,0.7076923076923077,0.9166666666666667,False
2,0.0,34,17.48,0.7,0.9166666666666667,False
2,0.0,35,16.605,0.7102564102564103,0.9166666666666667,False
2,0.0,36,15.775,0.7025641025641025,0.9166666666666667,False
2,0.0,37,14.985000000000001,0.7025641025641025,0.9166666666666667,False
2,0.0,38,14.235000000000001,0.6923076923076923,0.9166666666666667,False
2,0.0,39,13.525,0.6974358974358974,0.9166666666666667,False
2,0.0,40,12.85,0.6974358974358974,0.9166666666666667,False
2,0.0,41,12.205,0.6974358974358974,0.9166666666666667,False
2,0.0,42,11.594999999999999,0.6897435897435897,0.9166666666666667,False
2,0.0,43,11.015,0.6948717948717948,0.9166666666666667,False
2,0.0,44,10.465,0.6820512820512821,0.9166666666666667,False
2,0.0,45,9.94,0.6871794871794872,0.9166666666666667,False
2,0.0,46,9.445,0.6794871794871795,0.9166666666666667,False
2,0.0,47,8.97,0.6897435897435897,0.9166666666666667,False
2,0.0,48,8.525,0.6974358974358974,0.9166666666666667,False
2,0.0,49,8.094999999999999,0.7,0.9166666666666667,False
2,0.0,50,7.6899999999999995,0.6897435897435897,0.9166666666666667,False
2,0.0,51,7.305000000000001,0.7076923076923077,0.9166666666666667,False
2,0.0,52,6.94,0.7076923076923077,0.9166666666666667,False
2,0.0,53,6.595,0.7,0.9166666666666667,False
2,0.0,54,6.265,0.7076923076923077,0.9166666666666667,False
2,0.0,55,5.949999999999999,0.6974358974358974,0.9166666666666667,False
2,0.0,56,5.655,0.7,0.9166666666666667,False
2,0.0,57,5.37,0.7,0.9166666666666667,False
2,0.0,58,5.1,0.7025641025641025,0.9166666666666667,False
2,0.0,59,4.845,0.7076923076923077,0.9166666666666667,False
2,0.0,60,4.605,0.7051282051282052,0.9166666666666667,False
2,0.0,61,4.375,0.6820512820512821,0.9166666666666667,False
2,0.0,62,4.154999999999999,0.7051282051282052,0.9166666666666667,False
2,0.0,63,3.945,0.7076923076923077,0.9166666666666667,False
2,0.0,64,3.75,0.7051282051282052,0.9166666666666667,False
2,0.0,65,3.56,0.7051282051282052,0.9166666666666667,False
2,0.0,66,3.385,0.6923076923076923,0.9166666666666667,False
2,0.0,67,3.215,0.7128205128205128,0.8452380952380952,False
2,0.0,68,3.055,0.6974358974358974,0.8452380952380952,False
2,0.0,69,2.9000000000000004,0.6974358974358974,0.8452380952380952,False
2,0.0,70,2.7550000000000003,0.6794871794871795,0.7619047619047619,False
2,0.0,71,2.62,0.6871794871794872,0.7619047619047619,False
2,0.0,72,2.485,0.6820512820512821,0.7619047619047619,False
2,0.0,73,2.36,0.6974358974358974,0.7619047619047619,False
2,0.0,74,2.245,0.6923076923076923,0.8452380952380952,False
2,0.0,75,2.13,0.6820512820512821,0.8452380952380952,False
2,0.0,76,2.025,0.6820512820512821,0.8452380952380952,False
2,0.0,77,1.925,0.6743589743589744,0.8452380952380952,False
2,0.0,78,1.825,0.6717948717948717,0.7619047619047619,False
2,0.0,79,1.735,0.6743589743589744,0.7619047619047619,False
2,0.0,80,1.6500000000000001,0.6666666666666666,0.7619047619047619,False
2,0.0,81,1.5650000000000002,0.676923076923077,0.8452380952380952,False
2,0.0,82,1.49,0.6692307692307692,0.8452380952380952,False
2,0.0,83,1.415,0.6487179487179487,0.7619047619047619,False
2,0.0,84,1.345,0.6538461538461539,0.7619047619047619,False
2,0.0,85,1.275,0.676923076923077,0.7619047619047619,False
2,0.0,86,1.21,0.6666666666666666,0.7619047619047619,False
2,0.0,87,1.15,0.6564102564102564,0.8452380952380952,False
2,0.0,88,1.095,0.6538461538461539,0.7619047619047619,False
2,0.0,89,1.04,0.6487179487179487,0.7619047619047619,False
2,0.0,90,0.985,0.6538461538461539,0.8452380952380952,False
2,0.0,91,0.935,0.6615384615384615,0.8452380952380952,False
2,0.0,92,0.89,0.6666666666666666,0.8452380952380952,False
2,0.0,93,0.845,0.6615384615384615,0.6785714285714286,False
2,0.0,94,0.8049999999999999,0.6794871794871795,0.8452380952380952,False
2,0.0,95,0.765,0.6948717948717948,0.8452380952380952,False
2,0.0,96,0.7250000000000001,0.7076923076923077,0.7619047619047619,False
2,0.0,97,0.69,0.7,0.8452380952380952,False
2,0.0,98,0.655,0.7025641025641025,0.7619047619047619,False
2,0.0,99,0.62,0.6948717948717948,0.7619047619047619,False
2,0.0,100,0.59,0.7076923076923077,0.7619047619047619,False
2,0.0,101,0.5599999999999999,0.7128205128205128,0.7619047619047619,False
2,0.0,102,0.53,0.7076923076923077,0.7619047619047619,False
2,0.0,103,0.505,0.7025641025641025,0.7619047619047619,False
2,0.0,104,0.48,0.6974358974358974,0.7619047619047619,False
2,0.0,105,0.455,0.6974358974358974,0.7619047619047619,False
2,0.0,106,0.43499999999999994,0.7153846153846154,0.7619047619047619,False
2,0.0,107,0.41000000000000003,0.7102564102564103,0.7619047619047619,False
2,0.0,108,0.38999999999999996,0.7,0.7619047619047619,False
2,0.0,109,0.37,0.6974358974358974,0.7619047619047619,False
2,0.0,110,0.35000000000000003,0.7025641025641025,0.7619047619047619,False
2,0.0,111,0.335,0.7153846153846154,0.7619047619047619,False
2,0.0,112,0.315,0.7230769230769231,0.7619047619047619,False
2,0.0,113,0.3,0.717948717948718,0.7619047619047619,False
2,0.0,114,0.28500000000000003,0.7128205128205128,0.7619047619047619,False
2,0.0,115,0.27,0.7051282051282052,0.6785714285714286,False
2,0.0,116,0.26,0.7128205128205128,0.6785714285714286,False
2,0.0,117,0.245,0.7205128205128205,0.7619047619047619,False
2,0.0,118,0.23500000000000001,0.7205128205128205,0.7619047619047619,False
2,0.0,119,0.22,0.7205128205128205,0.8333333333333333,False
2,0.0,120,0.21,0.7230769230769231,0.8333333333333333,False
2,0.0,121,0.2,0.7128205128205128,0.8333333333333333,False
2,0.0,122,0.19,0.7230769230769231,0.8333333333333333,False
2,0.0,123,0.18,0.7,0.6785714285714286,False
2,0.0,124,0.16999999999999998,0.7205128205128205,0.75,False
2,0.0,125,0.16,0.7153846153846154,0.75,False
2,0.0,126,0.155,0.7282051282051282,0.75,False
2,0.0,127,0.145,0.717948717948718,0.8333333333333333,False
2,0.0,128,0.13999999999999999,0.7230769230769231,0.9166666666666667,False
2,0.0,129,0.13,0.7256410256410256,0.9166666666666667,False
2,0.0,130,0.125,0.7128205128205128,0.8333333333333333,False
2,0.0,131,0.12,0.7076923076923077,0.8333333333333333,False
2,0.0,132,0.11,0.7076923076923077,0.9166666666666667,False
2,0.0,133,0.105,0.7,0.9166666666666667,False
2,0.0,134,0.1,0.7256410256410256,0.9166666666666667,False
2,0.0,135,0.095,0.717948717948718,0.9166666666666667,False
2,0.0,136,0.09,0.7102564102564103,0.8333333333333333,False
2,0.0,137,0.08499999999999999,0.7384615384615385,0.9166666666666667,False
2,0.0,138,0.08,0.7384615384615385,0.9166666666666667,True
2,0.0,139,0.075,0.7025641025641025,0.9166666666666667,False
2,0.0,140,0.06999999999999999,0.6897435897435897,0.6785714285714286,False
2,0.0,141,0.065,0.7230769230769231,0.6785714285714286,False
2,0.0,142,0.06,0.6846153846153846,0.6785714285714286,False
2,0.0,143,0.055,0.6743589743589744,0.75,False
2,0.0,144,0.05,0.6948717948717948,0.75,False
2,0.0,145,0.045,0.6974358974358974,0.75,False
2,0.5,0,100.0,0.7282051282051282,0.8333333333333333,False
2,0.5,1,95.0,0.7307692307692307,0.8333333333333333,False
2,0.5,2,90.25,0.7333333333333333,0.8333333333333333,False
2,0.5,3,85.735,0.735897435897436,0.8333333333333333,False
2,0.5,4,81.45,0.7282051282051282,0.9166666666666667,False
2,0.5,5,77.375,0.7333333333333333,0.8333333333333333,False
2,0.5,6,73.505,0.7282051282051282,0.8333333333333333,False
2,0.5,7,69.83,0.7333333333333333,0.9166666666666667,False
2,0.5,8,66.34,0.7307692307692307,0.8333333333333333,False
2,0.5,9,63.019999999999996,0.7307692307692307,0.8333333333333333,False
2,0.5,10,59.870000000000005,0.7333333333333333,0.8333333333333333,False
2,0.5,11,56.879999999999995,0.7435897435897436,0.8333333333333333,False
2,0.5,12,54.035,0.735897435897436,0.8333333333333333,False
2,0.5,13,51.33,0.7384615384615385,0.8333333333333333,False
2,0.5,14,48.765,0.7384615384615385,0.8333333333333333,False
2,0.5,15,46.325,0.7384615384615385,0.8333333333333333,False
2,0.5,16,44.01,0.7307692307692307,0.8333333333333333,False
2,0.5,17,41.81,0.7282051282051282,0.8333333333333333,False
2,0.5,18,39.72,0.7230769230769231,0.8333333333333333,False
2,0.5,19,37.735,0.7205128205128205,0.9166666666666667,False
2,0.5,20,35.845,0.7282051282051282,0.8333333333333333,False
2,0.5,21,34.055,0.7384615384615385,0.8333333333333333,False
2,0.5,22,32.35,0.7410256410256411,0.9166666666666667,False
2,0.5,23,30.735,0.7282051282051282,0.9166666666666667,False
2,0.5,24,29.195,0.7307692307692307,0.9166666666666667,False
2,0.5,25,27.735,0.7435897435897436,0.9166666666666667,False
2,0.5,26,26.35,0.735897435897436,0.9166666666666667,False
2,0.5,27,25.03,0.7461538461538462,0.9166666666666667,False
2,0.5,28,23.78,0.7384615384615385,0.9166666666666667,False
2,0.5,29,22.59,0.7307692307692307,0.9166666666666667,False
2,0.5,30,21.46,0.7410256410256411,0.9166666666666667,False
2,0.5,31,20.39,0.7333333333333333,0.9166666666666667,False
2,0.5,32,19.37,0.7410256410256411,0.9166666666666667,False
2,0.5,33,18.4,0.735897435897436,0.9166666666666667,False
2,0.5,34,17.48,0.7384615384615385,0.9166666666666667,False
2,0.5,35,16.605,0.735897435897436,0.9166666666666667,False
2,0.5,36,15.775,0.7153846153846154,0.9166666666666667,False
2,0.5,37,14.985000000000001,0.7205128205128205,0.9166666666666667,False
2,0.5,38,14.235000000000001,0.717948717948718,0.9166666666666667,False
2,0.5,39,13.525,0.7102564102564103,0.9166666666666667,False
2,0.5,40,12.85,0.7153846153846154,0.9166666666666667,False
2,0.5,41,12.205,0.7205128205128205,0.9166666666666667,False
2,0.5,42,11.594999999999999,0.7128205128205128,0.9166666666666667,False
2,0.5,43,11.015,0.717948717948718,0.9166666666666667,False
2,0.5,44,10.465,0.7076923076923077,0.9166666666666667,False
2,0.5,45,9.94,0.7076923076923077,0.9166666666666667,False
2,0.5,46,9.445,0.7102564102564103,0.9166666666666667,False
2,0.5,47,8.97,0.7128205128205128,0.9166666666666667,False
2,0.5,48,8.525,0.7128205128205128,0.9166666666666667,False
2,0.5,49,8.094999999999999,0.7128205128205128,0.9166666666666667,False
2,0.5,50,7.6899999999999995,0.7128205128205128,0.9166666666666667,False
2,0.5,51,7.305000000000001,0.717948717948718,0.9166666666666667,False
2,0.5,52,6.94,0.7230769230769231,0.9166666666666667,False
2,0.5,53,6.595,0.7307692307692307,0.9166666666666667,False
2,0.5,54,6.265,0.735897435897436,0.9166666666666667,False
2,0.5,55,5.949999999999999,0.7384615384615385,0.9166666666666667,False
2,0.5,56,5.655,0.7256410256410256,0.9166666666666667,False
2,0.5,57,5.37,0.7282051282051282,0.9166666666666667,False
2,0.5,58,5.1,0.717948717948718,0.9166666666666667,False
2,0.5,59,4.845,0.717948717948718,0.9166666666666667,False
2,0.5,60,4.605,0.717948717948718,0.9166666666666667,False
2,0.5,61,4.375,0.717948717948718,0.9166666666666667,False
2,0.5,62,4.154999999999999,0.7076923076923077,0.9166666666666667,False
2,0.5,63,3.945,0.7051282051282052,0.9166666666666667,False
2,0.5,64,3.75,0.7025641025641025,0.9166666666666667,False
2,0.5,65,3.56,0.7102564102564103,0.9166666666666667,False
2,0.5,66,3.385,0.7025641025641025,0.9166666666666667,False
2,0.5,67,3.215,0.717948717948718,0.9166666666666667,False
2,0.5,68,3.055,0.717948717948718,0.9166666666666667,False
2,0.5,69,2.9000000000000004,0.7307692307692307,0.9166666666666667,False
2,0.5,70,2.7550000000000003,0.6948717948717948,0.9166666666666667,False
2,0.5,71,2.62,0.7230769230769231,0.9166666666666667,False
2,0.5,72,2.485,0.7282051282051282,0.9166666666666667,False
2,0.5,73,2.36,0.7282051282051282,0.9166666666666667,False
2,0.5,74,2.245,0.735897435897436,0.9166666666666667,False
2,0.5,75,2.13,0.7307692307692307,0.9166666666666667,False
2,0.5,76,2.025,0.735897435897436,0.8333333333333333,False
2,0.5,77,1.925,0.7384615384615385,0.9166666666666667,False
2,0.5,78,1.825,0.7435897435897436,0.9166666666666667,False
2,0.5,79,1.735,0.7384615384615385,0.9166666666666667,False
2,0.5,80,1.6500000000000001,0.7282051282051282,0.9166666666666667,False
2,0.5,81,1.5650000000000002,0.7256410256410256,0.9166666666666667,False
2,0.5,82,1.49,0.7153846153846154,0.9166666666666667,False
2,0.5,83,1.415,0.717948717948718,0.9166666666666667,False
2,0.5,84,1.345,0.7076923076923077,0.9166666666666667,False
2,0.5,85,1.275,0.7102564102564103,0.8333333333333333,False
2,0.5,86,1.21,0.7205128205128205,0.8333333333333333,False
2,0.5,87,1.15,0.7102564102564103,0.8333333333333333,False
2,0.5,88,1.095,0.7282051282051282,0.9166666666666667,False
2,0.5,89,1.04,0.7102564102564103,0.9166666666666667,False
2,0.5,90,0.985,0.7256410256410256,0.9166666666666667,False
2,0.5,91,0.935,0.7102564102564103,0.9166666666666667,False
2,0.5,92,0.89,0.7230769230769231,0.9166666666666667,False
2,0.5,93,0.845,0.7205128205128205,0.9166666666666667,False
2,0.5,94,0.8049999999999999,0.717948717948718,0.9166666666666667,False
2,0.5,95,0.765,0.717948717948718,0.9166666666666667,False
2,0.5,96,0.7250000000000001,0.7025641025641025,0.9166666666666667,False
2,0.5,97,0.69,0.7051282051282052,0.9166666666666667,False
2,0.5,98,0.655,0.7102564102564103,0.9166666666666667,True
2,0.5,99,0.62,0.717948717948718,0.9166666666666667,False
2,0.5,100,0.59,0.7076923076923077,0.8333333333333333,False
2,0.5,101,0.5599999999999999,0.6897435897435897,0.75,False
2,0.5,102,0.53,0.6948717948717948,0.6666666666666666,False
2,0.5,103,0.505,0.6974358974358974,0.6666666666666666,False
2,0.5,104,0.48,0.6948717948717948,0.6666666666666666,False
2,0.5,105,0.455,0.6871794871794872,0.6666666666666666,False
2,0.5,106,0.43499999999999994,0.7,0.6666666666666666,False
2,0.5,107,0.41000000000000003,0.7025641025641025,0.6666666666666666,False
2,0.5,108,0.38999999999999996,0.6794871794871795,0.6666666666666666,False
2,0.5,109,0.37,0.6923076923076923,0.6666666666666666,False
2,0.5,110,0.35000000000000003,0.6820512820512821,0.6666666666666666,False
2,0.5,111,0.335,0.6923076923076923,0.6666666666666666,False
2,0.5,112,0.315,0.6974358974358974,0.6666666666666666,False
2,0.5,113,0.3,0.7051282051282052,0.75,False
2,0.5,114,0.28500000000000003,0.7,0.75,False
2,0.5,115,0.27,0.6974358974358974,0.75,False
2,0.5,116,0.26,0.6794871794871795,0.6666666666666666,False
2,0.5,117,0.245,0.6846153846153846,0.6666666666666666,False
2,0.5,118,0.23500000000000001,0.6897435897435897,0.75,False
2,0.5,119,0.22,0.6871794871794872,0.75,False
2,0.5,120,0.21,0.7,0.6785714285714286,False
2,0.5,121,0.2,0.7076923076923077,0.7619047619047619,False
2,0.5,122,0.19,0.7128205128205128,0.6785714285714286,False
2,0.5,123,0.18,0.7076923076923077,0.7619047619047619,False
2,0.5,124,0.16999999999999998,0.7076923076923077,0.7619047619047619,False
2,0.5,125,0.16,0.7051282051282052,0.7619047619047619,False
2,0.5,126,0.155,0.7102564102564103,0.7619047619047619,False
2,0.5,127,0.145,0.7128205128205128,0.7619047619047619,False
2,0.5,128,0.13999999999999999,0.717948717948718,0.7619047619047619,False
2,0.5,129,0.13,0.7205128205128205,0.7619047619047619,False
2,0.5,130,0.125,0.7153846153846154,0.7619047619047619,False
2,0.5,131,0.12,0.7307692307692307,0.7619047619047619,False
2,0.5,132,0.11,0.7256410256410256,0.7619047619047619,False
2,0.5,133,0.105,0.7615384615384615,0.7619047619047619,False
2,0.5,134,0.1,0.7487179487179487,0.7619047619047619,False
2,0.5,135,0.095,0.7512820512820513,0.7619047619047619,False
2,0.5,136,0.09,0.7512820512820513,0.7619047619047619,False
2,0.5,137,0.08499999999999999,0.7461538461538462,0.7619047619047619,False
2,0.5,138,0.08,0.7384615384615385,0.7619047619047619,False
2,0.5,139,0.075,0.7384615384615385,0.7619047619047619,False
2,0.5,140,0.06999999999999999,0.7205128205128205,0.7619047619047619,False
2,0.5,141,0.065,0.7205128205128205,0.7619047619047619,False
2,0.5,142,0.06,0.7051282051282052,0.75,False
2,0.5,143,0.055,0.6923076923076923,0.6785714285714286,False
2,0.5,144,0.05,0.6871794871794872,0.6785714285714286,False
2,0.5,145,0.045,0.7051282051282052,0.6666666666666666,False
2,1.0,0,100.0,0.7282051282051282,0.8333333333333333,False
2,1.0,1,95.0,0.7333333333333333,0.9166666666666667,False
2,1.0,2,90.25,0.7333333333333333,0.8333333333333333,False
2,1.0,3,85.735,0.7384615384615385,0.8333333333333333,False
2,1.0,4,81.45,0.7410256410256411,0.9166666666666667,False
2,1.0,5,77.375,0.7487179487179487,0.8333333333333333,False
2,1.0,6,73.505,0.7410256410256411,0.9166666666666667,False
2,1.0,7,69.83,0.7461538461538462,0.8333333333333333,False
2,1.0,8,66.34,0.7435897435897436,0.8333333333333333,False
2,1.0,9,63.019999999999996,0.7461538461538462,0.9166666666666667,False
2,1.0,10,59.870000000000005,0.7461538461538462,0.9166666666666667,False
2,1.0,11,56.879999999999995,0.7487179487179487,0.9166666666666667,False
2,1.0,12,54.035,0.7461538461538462,0.9166666666666667,False
2,1.0,13,51.33,0.7538461538461538,0.9166666666666667,False
2,1.0,14,48.765,0.7384615384615385,0.9166666666666667,False
2,1.0,15,46.325,0.735897435897436,0.9166666666666667,False
2,1.0,16,44.01,0.7487179487179487,0.9166666666666667,False
2,1.0,17,41.81,0.7384615384615385,0.9166666666666667,False
2,1.0,18,39.72,0.7384615384615385,0.9166666666666667,False
2,1.0,19,37.735,0.7410256410256411,0.9166666666666667,False
2,1.0,20,35.845,0.735897435897436,0.9166666666666667,False
2,1.0,21,34.055,0.7333333333333333,0.9166666666666667,False
2,1.0,22,32.35,0.7307692307692307,0.9166666666666667,False
2,1.0,23,30.735,0.7461538461538462,0.9166666666666667,False
2,1.0,24,29.195,0.735897435897436,0.9166666666666667,False
2,1.0,25,27.735,0.7205128205128205,0.9166666666666667,False
2,1.0,26,26.35,0.7282051282051282,0.9166666666666667,False
2,1.0,27,25.03,0.7307692307692307,0.9166666666666667,False
2,1.0,28,23.78,0.7256410256410256,0.9166666666666667,False
2,1.0,29,22.59,0.7307692307692307,0.9166666666666667,False
2,1.0,30,21.46,0.7333333333333333,0.9166666666666667,False
2,1.0,31,20.39,0.7282051282051282,0.9166666666666667,False
2,1.0,32,19.37,0.735897435897436,0.9166666666666667,False
2,1.0,33,18.4,0.7333333333333333,0.9166666666666667,False
2,1.0,34,17.48,0.7282051282051282,0.9166666666666667,False
2,1.0,35,16.605,0.7256410256410256,0.9166666666666667,False
2,1.0,36,15.775,0.7153846153846154,0.9166666666666667,False
2,1.0,37,14.985000000000001,0.7102564102564103,0.9166666666666667,False
2,1.0,38,14.235000000000001,0.7051282051282052,0.9166666666666667,False
2,1.0,39,13.525,0.7076923076923077,0.8452380952380952,False
2,1.0,40,12.85,0.7128205128205128,0.9166666666666667,False
2,1.0,41,12.205,0.7051282051282052,0.8452380952380952,False
2,1.0,42,11.594999999999999,0.7,0.8452380952380952,False
2,1.0,43,11.015,0.6948717948717948,0.9166666666666667,False
2,1.0,44,10.465,0.6948717948717948,0.7619047619047619,False
2,1.0,45,9.94,0.6974358974358974,0.8333333333333333,False
2,1.0,46,9.445,0.6948717948717948,0.8452380952380952,False
2,1.0,47,8.97,0.7076923076923077,0.8452380952380952,False
2,1.0,48,8.525,0.7,0.8452380952380952,False
2,1.0,49,8.094999999999999,0.7025641025641025,0.8452380952380952,False
2,1.0,50,7.6899999999999995,0.7076923076923077,0.8452380952380952,False
2,1.0,51,7.305000000000001,0.7076923076923077,0.9166666666666667,False
2,1.0,52,6.94,0.7,0.9166666666666667,False
2,1.0,53,6.595,0.7,0.9166666666666667,True
2,1.0,54,6.265,0.6948717948717948,0.9166666666666667,False
2,1.0,55,5.949999999999999,0.7076923076923077,0.8333333333333333,False
2,1.0,56,5.655,0.7051282051282052,0.8333333333333333,False
2,1.0,57,5.37,0.7025641025641025,0.8333333333333333,False
2,1.0,58,5.1,0.6948717948717948,0.8333333333333333,False
2,1.0,59,4.845,0.6974358974358974,0.8333333333333333,False
2,1.0,60,4.605,0.7051282051282052,0.8333333333333333,False
2,1.0,61,4.375,0.7,0.8333333333333333,False
2,1.0,62,4.154999999999999,0.7,0.8333333333333333,False
2,1.0,63,3.945,0.7,0.8333333333333333,False
2,1.0,64,3.75,0.7025641025641025,0.8333333333333333,False
2,1.0,65,3.56,0.6974358974358974,0.8333333333333333,False
2,1.0,66,3.385,0.6948717948717948,0.7619047619047619,False
2,1.0,67,3.215,0.6820512820512821,0.8333333333333333,False
2,1.0,68,3.055,0.6974358974358974,0.7619047619047619,False
2,1.0,69,2.9000000000000004,0.6923076923076923,0.7619047619047619,False
2,1.0,70,2.7550000000000003,0.6923076923076923,0.7619047619047619,False
2,1.0,71,2.62,0.6871794871794872,0.7619047619047619,False
2,1.0,72,2.485,0.6897435897435897,0.7619047619047619,False
2,1.0,73,2.36,0.6692307692307692,0.6785714285714286,False
2,1.0,74,2.245,0.6794871794871795,0.7619047619047619,False
2,1.0,75,2.13,0.6743589743589744,0.7619047619047619,False
2,1.0,76,2.025,0.6717948717948717,0.75,False
2,1.0,77,1.925,0.6717948717948717,0.75,False
2,1.0,78,1.825,0.6743589743589744,0.75,False
2,1.0,79,1.735,0.676923076923077,0.75,False
2,1.0,80,1.6500000000000001,0.6743589743589744,0.75,False
2,1.0,81,1.5650000000000002,0.6743589743589744,0.75,False
2,1.0,82,1.49,0.6871794871794872,0.75,False
2,1.0,83,1.415,0.6923076923076923,0.75,False
2,1.0,84,1.345,0.6820512820512821,0.75,False
2,1.0,85,1.275,0.6641025641025641,0.6785714285714286,False
2,1.0,86,1.21,0.6641025641025641,0.6785714285714286,False
2,1.0,87,1.15,0.6641025641025641,0.6785714285714286,False
2,1.0,88,1.095,0.6666666666666666,0.7619047619047619,False
2,1.0,89,1.04,0.6692307692307692,0.6785714285714286,False
2,1.0,90,0.985,0.6666666666666666,0.6785714285714286,False
2,1.0,91,0.935,0.6666666666666666,0.6785714285714286,False
2,1.0,92,0.89,0.6717948717948717,0.6785714285714286,False
2,1.0,93,0.845,0.6794871794871795,0.6785714285714286,False
2,1.0,94,0.8049999999999999,0.6692307692307692,0.6785714285714286,False
2,1.0,95,0.765,0.6794871794871795,0.7619047619047619,False
2,1.0,96,0.7250000000000001,0.6666666666666666,0.7619047619047619,False
2,1.0,97,0.69,0.658974358974359,0.6785714285714286,False
2,1.0,98,0.655,0.6512820512820513,0.6785714285714286,False
2,1.0,99,0.62,0.6641025641025641,0.6785714285714286,False
2,1.0,100,0.59,0.6538461538461539,0.6785714285714286,False
2,1.0,101,0.5599999999999999,0.6641025641025641,0.7619047619047619,False
2,1.0,102,0.53,0.658974358974359,0.5952380952380952,False
2,1.0,103,0.505,0.6615384615384615,0.5952380952380952,False
2,1.0,104,0.48,0.6615384615384615,0.5952380952380952,False
2,1.0,105,0.455,0.6615384615384615,0.5952380952380952,False
2,1.0,106,0.43499999999999994,0.6615384615384615,0.5952380952380952,False
2,1.0,107,0.41000000000000003,0.6538461538461539,0.5952380952380952,False
2,1.0,108,0.38999999999999996,0.6333333333333333,0.5952380952380952,False
2,1.0,109,0.37,0.6307692307692307,0.6666666666666666,False
2,1.0,110,0.35000000000000003,0.6230769230769231,0.6666666666666666,False
2,1.0,111,0.335,0.617948717948718,0.6666666666666666,False
2,1.0,112,0.315,0.6256410256410256,0.6666666666666666,False
2,1.0,113,0.3,0.6333333333333333,0.6666666666666666,False
2,1.0,114,0.28500000000000003,0.617948717948718,0.6666666666666666,False
2,1.0,115,0.27,0.6153846153846154,0.6666666666666666,False
2,1.0,116,0.26,0.6076923076923076,0.6666666666666666,False
2,1.0,117,0.245,0.6153846153846154,0.6666666666666666,False
2,1.0,118,0.23500000000000001,0.6128205128205129,0.6666666666666666,False
2,1.0,119,0.22,0.6051282051282051,0.6666666666666666,False
2,1.0,120,0.21,0.6025641025641025,0.6666666666666666,False
2,1.0,121,0.2,0.6025641025641025,0.6666666666666666,False
2,1.0,122,0.19,0.6025641025641025,0.6666666666666666,False
2,1.0,123,0.18,0.6051282051282051,0.6666666666666666,False
2,1.0,124,0.16999999999999998,0.5974358974358974,0.6666666666666666,False
2,1.0,125,0.16,0.6153846153846154,0.6666666666666666,False
2,1.0,126,0.155,0.617948717948718,0.6666666666666666,False
2,1.0,127,0.145,0.6153846153846154,0.6666666666666666,False
2,1.0,128,0.13999999999999999,0.6230769230769231,0.6666666666666666,False
2,1.0,129,0.13,0.6025641025641025,0.6666666666666666,False
2,1.0,130,0.125,0.617948717948718,0.6666666666666666,False
2,1.0,131,0.12,0.6051282051282051,0.6666666666666666,False
2,1.0,132,0.11,0.5897435897435898,0.6666666666666666,False
2,1.0,133,0.105,0.6025641025641025,0.6666666666666666,False
2,1.0,134,0.1,0.6051282051282051,0.6666666666666666,False
2,1.0,135,0.095,0.6307692307692307,0.6666666666666666,False
2,1.0,136,0.09,0.6307692307692307,0.6666666666666666,False
2,1.0,137,0.08499999999999999,0.6205128205128205,0.6666666666666666,False
2,1.0,138,0.08,0.617948717948718,0.6666666666666666,False
2,1.0,139,0.075,0.6230769230769231,0.6666666666666666,False
2,1.0,140,0.06999999999999999,0.6307692307692307,0.6666666666666666,False
2,1.0,141,0.065,0.6205128205128205,0.6666666666666666,False
2,1.0,142,0.06,0.6230769230769231,0.6666666666666666,False
2,1.0,143,0.055,0.6153846153846154,0.6666666666666666,False
2,1.0,144,0.05,0.6128205128205129,0.5833333333333334,False
2,1.0,145,0.045,0.6076923076923076,0.5833333333333334,False
2,2.0,0,100.0,0.7282051282051282,0.8333333333333333,False
2,2.0,1,95.0,0.7435897435897436,0.9166666666666667,False
2,2.0,2,90.25,0.7461538461538462,0.9166666666666667,False
2,2.0,3,85.735,0.7512820512820513,0.9166666666666667,False
2,2.0,4,81.45,0.7461538461538462,0.9166666666666667,False
2,2.0,5,77.375,0.7410256410256411,0.9166666666666667,False
2,2.0,6,73.505,0.7410256410256411,0.9166666666666667,False
2,2.0,7,69.83,0.7512820512820513,0.9166666666666667,False
2,2.0,8,66.34,0.7564102564102564,0.9166666666666667,False
2,2.0,9,63.019999999999996,0.7564102564102564,0.9166666666666667,False
2,2.0,10,59.870000000000005,0.7461538461538462,0.9166666666666667,False
2,2.0,11,56.879999999999995,0.7435897435897436,0.9166666666666667,False
2,2.0,12,54.035,0.735897435897436,0.9166666666666667,False
2,2.0,13,51.33,0.7384615384615385,0.9166666666666667,False
2,2.0,14,48.765,0.7461538461538462,0.9166666666666667,False
2,2.0,15,46.325,0.7512820512820513,0.9166666666666667,False
2,2.0,16,44.01,0.7512820512820513,0.9166666666666667,False
2,2.0,17,41.81,0.7435897435897436,0.9166666666666667,False
2,2.0,18,39.72,0.7384615384615385,0.9166666666666667,False
2,2.0,19,37.735,0.7435897435897436,0.9166666666666667,False
2,2.0,20,35.845,0.7410256410256411,0.9166666666666667,False
2,2.0,21,34.055,0.7384615384615385,0.9166666666666667,False
2,2.0,22,32.35,0.735897435897436,0.9166666666666667,False
2,2.0,23,30.735,0.735897435897436,0.8333333333333333,False
2,2.0,24,29.195,0.7384615384615385,0.8333333333333333,False
2,2.0,25,27.735,0.735897435897436,0.8333333333333333,False
2,2.0,26,26.35,0.717948717948718,0.8452380952380952,False
2,2.0,27,25.03,0.7076923076923077,0.7619047619047619,False
2,2.0,28,23.78,0.717948717948718,0.8333333333333333,False
2,2.0,29,22.59,0.7102564102564103,0.8333333333333333,False
2,2.0,30,21.46,0.7128205128205128,0.8333333333333333,False
2,2.0,31,20.39,0.7128205128205128,0.9166666666666667,False
2,2.0,32,19.37,0.7282051282051282,0.9166666666666667,False
2,2.0,33,18.4,0.7307692307692307,0.8452380952380952,False
2,2.0,34,17.48,0.7384615384615385,0.9166666666666667,False
2,2.0,35,16.605,0.7307692307692307,0.9166666666666667,False
2,2.0,36,15.775,0.7256410256410256,0.8333333333333333,False
2,2.0,37,14.985000000000001,0.7256410256410256,0.8333333333333333,False
2,2.0,38,14.235000000000001,0.7333333333333333,0.8333333333333333,False
2,2.0,39,13.525,0.7384615384615385,0.9166666666666667,False
2,2.0,40,12.85,0.7205128205128205,0.9166666666666667,False
2,2.0,41,12.205,0.735897435897436,0.9166666666666667,False
2,2.0,42,11.594999999999999,0.7333333333333333,0.9166666666666667,False
2,2.0,43,11.015,0.7410256410256411,0.9166666666666667,False
2,2.0,44,10.465,0.735897435897436,0.9166666666666667,False
2,2.0,45,9.94,0.7307692307692307,0.9166666666666667,False
2,2.0,46,9.445,0.7435897435897436,0.8333333333333333,False
2,2.0,47,8.97,0.7435897435897436,0.9166666666666667,False
2,2.0,48,8.525,0.735897435897436,0.75,False
2,2.0,49,8.094999999999999,0.7333333333333333,0.8333333333333333,False
2,2.0,50,7.6899999999999995,0.7307692307692307,0.9166666666666667,False
2,2.0,51,7.305000000000001,0.7333333333333333,0.8333333333333333,False
2,2.0,52,6.94,0.7307692307692307,0.8333333333333333,False
2,2.0,53,6.595,0.717948717948718,0.8333333333333333,False
2,2.0,54,6.265,0.7128205128205128,0.9166666666666667,False
2,2.0,55,5.949999999999999,0.717948717948718,0.8333333333333333,False
2,2.0,56,5.655,0.717948717948718,0.8333333333333333,False
2,2.0,57,5.37,0.7230769230769231,0.8333333333333333,False
2,2.0,58,5.1,0.7153846153846154,0.8333333333333333,False
2,2.0,59,4.845,0.7051282051282052,0.8333333333333333,False
2,2.0,60,4.605,0.6923076923076923,0.8333333333333333,False
2,2.0,61,4.375,0.6923076923076923,0.8333333333333333,False
2,2.0,62,4.154999999999999,0.6974358974358974,0.8333333333333333,False
2,2.0,63,3.945,0.6923076923076923,0.8333333333333333,False
2,2.0,64,3.75,0.6897435897435897,0.8333333333333333,False
2,2.0,65,3.56,0.6897435897435897,0.9166666666666667,False
2,2.0,66,3.385,0.6794871794871795,0.9166666666666667,True
2,2.0,67,3.215,0.6948717948717948,0.9166666666666667,False
2,2.0,68,3.055,0.6846153846153846,0.8452380952380952,False
2,2.0,69,2.9000000000000004,0.6564102564102564,0.75,False
2,2.0,70,2.7550000000000003,0.6794871794871795,0.75,False
2,2.0,71,2.62,0.6820512820512821,0.75,False
2,2.0,72,2.485,0.6717948717948717,0.75,False
2,2.0,73,2.36,0.6717948717948717,0.75,False
2,2.0,74,2.245,0.6641025641025641,0.75,False
2,2.0,75,2.13,0.6794871794871795,0.75,False
2,2.0,76,2.025,0.6641025641025641,0.75,False
2,2.0,77,1.925,0.6666666666666666,0.75,False
2,2.0,78,1.825,0.6615384615384615,0.75,False
2,2.0,79,1.735,0.6666666666666666,0.75,False
2,2.0,80,1.6500000000000001,0.676923076923077,0.75,False
2,2.0,81,1.5650000000000002,0.6717948717948717,0.75,False
2,2.0,82,1.49,0.6666666666666666,0.6666666666666666,False
2,2.0,83,1.415,0.6641025641025641,0.6666666666666666,False
2,2.0,84,1.345,0.6538461538461539,0.6666666666666666,False
2,2.0,85,1.275,0.6820512820512821,0.6666666666666666,False
2,2.0,86,1.21,0.6794871794871795,0.6666666666666666,False
2,2.0,87,1.15,0.676923076923077,0.6666666666666666,False
2,2.0,88,1.095,0.6102564102564103,0.6666666666666666,False
2,2.0,89,1.04,0.6153846153846154,0.6666666666666666,False
2,2.0,90,0.985,0.6358974358974359,0.6666666666666666,False
2,2.0,91,0.935,0.6205128205128205,0.6666666666666666,False
2,2.0,92,0.89,0.617948717948718,0.6666666666666666,False
2,2.0,93,0.845,0.6230769230769231,0.6666666666666666,False
2,2.0,94,0.8049999999999999,0.6307692307692307,0.6666666666666666,False
2,2.0,95,0.765,0.6230769230769231,0.6666666666666666,False
2,2.0,96,0.7250000000000001,0.6205128205128205,0.6666666666666666,False
2,2.0,97,0.69,0.6076923076923076,0.6666666666666666,False
2,2.0,98,0.655,0.5743589743589743,0.6666666666666666,False
2,2.0,99,0.62,0.5871794871794872,0.6666666666666666,False
2,2.0,100,0.59,0.5974358974358974,0.6666666666666666,False
2,2.0,101,0.5599999999999999,0.5666666666666667,0.6666666666666666,False
2,2.0,102,0.53,0.558974358974359,0.6666666666666666,False
2,2.0,103,0.505,0.5564102564102564,0.6666666666666666,False
2,2.0,104,0.48,0.5615384615384615,0.6666666666666666,False
2,2.0,105,0.455,0.5692307692307692,0.6666666666666666,False
2,2.0,106,0.43499999999999994,0.5743589743589743,0.6666666666666666,False
2,2.0,107,0.41000000000000003,0.5769230769230769,0.6666666666666666,False
2,2.0,108,0.38999999999999996,0.5743589743589743,0.6666666666666666,False
2,2.0,109,0.37,0.558974358974359,0.5,False
2,2.0,110,0.35000000000000003,0.5769230769230769,0.5,False
2,2.0,111,0.335,0.5666666666666667,0.5,False
2,2.0,112,0.315,0.5692307692307692,0.5,False
2,2.0,113,0.3,0.558974358974359,0.5,False
2,2.0,114,0.28500000000000003,0.5897435897435898,0.5,False
2,2.0,115,0.27,0.5743589743589743,0.5,False
2,2.0,116,0.26,0.5871794871794872,0.5833333333333334,False
2,2.0,117,0.245,0.5794871794871795,0.5833333333333334,False
2,2.0,118,0.23500000000000001,0.5692307692307692,0.5833333333333334,False
2,2.0,119,0.22,0.5743589743589743,0.5833333333333334,False
2,2.0,120,0.21,0.5717948717948718,0.5833333333333334,False
2,2.0,121,0.2,0.5282051282051282,0.5833333333333334,False
2,2.0,122,0.19,0.5333333333333333,0.5833333333333334,False
2,2.0,123,0.18,0.541025641025641,0.5833333333333334,False
2,2.0,124,0.16999999999999998,0.5435897435897435,0.5,False
2,2.0,125,0.16,0.5205128205128206,0.5,False
2,2.0,126,0.155,0.5333333333333333,0.5,False
2,2.0,127,0.145,0.5307692307692308,0.5,False
2,2.0,128,0.13999999999999999,0.5230769230769231,0.5,False
2,2.0,129,0.13,0.5333333333333333,0.5,False
2,2.0,130,0.125,0.541025641025641,0.5,False
2,2.0,131,0.12,0.5512820512820513,0.5,False
2,2.0,132,0.11,0.5358974358974359,0.5,False
2,2.0,133,0.105,0.5384615384615384,0.5,False
2,2.0,134,0.1,0.5128205128205128,0.5,False
2,2.0,135,0.095,0.5307692307692308,0.5,False
2,2.0,136,0.09,0.5384615384615384,0.5,False
2,2.0,137,0.08499999999999999,0.5461538461538461,0.5,False
2,2.0,138,0.08,0.5384615384615384,0.5,False
2,2.0,139,0.075,0.5230769230769231,0.5,False
2,2.0,140,0.06999999999999999,0.517948717948718,0.5,False
2,2.0,141,0.065,0.5102564102564102,0.5,False
2,2.0,142,0.06,0.5256410256410257,0.5,False
2,2.0,143,0.055,0.541025641025641,0.5,False
2,2.0,144,0.05,0.5358974358974359,0.5,False
2,2.0,145,0.045,0.5384615384615384,0.5,False
2,5.0,0,100.0,0.7282051282051282,0.8333333333333333,False
2,5.0,1,95.0,0.7615384615384615,0.9166666666666667,False
2,5.0,2,90.25,0.7512820512820513,0.9166666666666667,False
2,5.0,3,85.735,0.7512820512820513,0.9166666666666667,False
2,5.0,4,81.45,0.7538461538461538,0.9166666666666667,False
2,5.0,5,77.375,0.7538461538461538,0.9166666666666667,False
2,5.0,6,73.505,0.7487179487179487,0.9166666666666667,True
2,5.0,7,69.83,0.7487179487179487,0.9166666666666667,False
2,5.0,8,66.34,0.7410256410256411,0.8333333333333333,False
2,5.0,9,63.019999999999996,0.7410256410256411,0.8333333333333333,False
2,5.0,10,59.870000000000005,0.7564102564102564,0.8333333333333333,False
2,5.0,11,56.879999999999995,0.7461538461538462,0.8333333333333333,False
2,5.0,12,54.035,0.7384615384615385,0.8333333333333333,False
2,5.0,13,51.33,0.7435897435897436,0.8333333333333333,False
2,5.0,14,48.765,0.735897435897436,0.8333333333333333,False
2,5.0,15,46.325,0.7435897435897436,0.8333333333333333,False
2,5.0,16,44.01,0.7384615384615385,0.8333333333333333,False
2,5.0,17,41.81,0.7307692307692307,0.8333333333333333,False
2,5.0,18,39.72,0.7384615384615385,0.8333333333333333,False
2,5.0,19,37.735,0.7333333333333333,0.8333333333333333,False
2,5.0,20,35.845,0.7435897435897436,0.8333333333333333,False
2,5.0,21,34.055,0.7435897435897436,0.8333333333333333,False
2,5.0,22,32.35,0.7435897435897436,0.8333333333333333,False
2,5.0,23,30.735,0.7435897435897436,0.8333333333333333,False
2,5.0,24,29.195,0.7410256410256411,0.8333333333333333,False
2,5.0,25,27.735,0.7384615384615385,0.8333333333333333,False
2,5.0,26,26.35,0.7333333333333333,0.8333333333333333,False
2,5.0,27,25.03,0.735897435897436,0.8333333333333333,False
2,5.0,28,23.78,0.7205128205128205,0.8333333333333333,False
2,5.0,29,22.59,0.7307692307692307,0.75,False
2,5.0,30,21.46,0.7307692307692307,0.75,False
2,5.0,31,20.39,0.7256410256410256,0.75,False
2,5.0,32,19.37,0.7230769230769231,0.75,False
2,5.0,33,18.4,0.7,0.75,False
2,5.0,34,17.48,0.717948717948718,0.75,False
2,5.0,35,16.605,0.7230769230769231,0.75,False
2,5.0,36,15.775,0.7333333333333333,0.75,False
2,5.0,37,14.985000000000001,0.7282051282051282,0.75,False
2,5.0,38,14.235000000000001,0.7282051282051282,0.75,False
2,5.0,39,13.525,0.7205128205128205,0.75,False
2,5.0,40,12.85,0.7230769230769231,0.75,False
2,5.0,41,12.205,0.7102564102564103,0.75,False
2,5.0,42,11.594999999999999,0.7051282051282052,0.75,False
2,5.0,43,11.015,0.7153846153846154,0.75,False
2,5.0,44,10.465,0.7128205128205128,0.75,False
2,5.0,45,9.94,0.7230769230769231,0.75,False
2,5.0,46,9.445,0.7153846153846154,0.75,False
2,5.0,47,8.97,0.7205128205128205,0.75,False
2,5.0,48,8.525,0.7333333333333333,0.75,False
2,5.0,49,8.094999999999999,0.7333333333333333,0.75,False
2,5.0,50,7.6899999999999995,0.7282051282051282,0.6666666666666666,False
2,5.0,51,7.305000000000001,0.7102564102564103,0.6666666666666666,False
2,5.0,52,6.94,0.7051282051282052,0.6666666666666666,False
2,5.0,53,6.595,0.7128205128205128,0.75,False
2,5.0,54,6.265,0.7230769230769231,0.6666666666666666,False
2,5.0,55,5.949999999999999,0.7025641025641025,0.6666666666666666,False
2,5.0,56,5.655,0.7051282051282052,0.6666666666666666,False
2,5.0,57,5.37,0.7,0.6666666666666666,False
2,5.0,58,5.1,0.6897435897435897,0.6666666666666666,False
2,5.0,59,4.845,0.7102564102564103,0.6666666666666666,False
2,5.0,60,4.605,0.7025641025641025,0.6666666666666666,False
2,5.0,61,4.375,0.6897435897435897,0.6666666666666666,False
2,5.0,62,4.154999999999999,0.6897435897435897,0.6666666666666666,False
2,5.0,63,3.945,0.6871794871794872,0.6666666666666666,False
2,5.0,64,3.75,0.6717948717948717,0.6666666666666666,False
2,5.0,65,3.56,0.6615384615384615,0.6666666666666666,False
2,5.0,66,3.385,0.6615384615384615,0.6666666666666666,False
2,5.0,67,3.215,0.6461538461538462,0.6666666666666666,False
2,5.0,68,3.055,0.6256410256410256,0.6666666666666666,False
2,5.0,69,2.9000000000000004,0.6307692307692307,0.6666666666666666,False
2,5.0,70,2.7550000000000003,0.6205128205128205,0.6666666666666666,False
2,5.0,71,2.62,0.6102564102564103,0.6666666666666666,False
2,5.0,72,2.485,0.6205128205128205,0.6666666666666666,False
2,5.0,73,2.36,0.6025641025641025,0.6666666666666666,False
2,5.0,74,2.245,0.617948717948718,0.6666666666666666,False
2,5.0,75,2.13,0.6102564102564103,0.6666666666666666,False
2,5.0,76,2.025,0.6102564102564103,0.6666666666666666,False
2,5.0,77,1.925,0.6128205128205129,0.6666666666666666,False
2,5.0,78,1.825,0.5871794871794872,0.6666666666666666,False
2,5.0,79,1.735,0.5974358974358974,0.6666666666666666,False
2,5.0,80,1.6500000000000001,0.6076923076923076,0.6666666666666666,False
2,5.0,81,1.5650000000000002,0.5923076923076923,0.6666666666666666,False
2,5.0,82,1.49,0.6051282051282051,0.6666666666666666,False
2,5.0,83,1.415,0.5948717948717949,0.6666666666666666,False
2,5.0,84,1.345,0.5974358974358974,0.5833333333333334,False
2,5.0,85,1.275,0.5974358974358974,0.5833333333333334,False
2,5.0,86,1.21,0.5717948717948718,0.5833333333333334,False
2,5.0,87,1.15,0.5897435897435898,0.5833333333333334,False
2,5.0,88,1.095,0.5846153846153846,0.5833333333333334,False
2,5.0,89,1.04,0.5769230769230769,0.5833333333333334,False
2,5.0,90,0.985,0.5769230769230769,0.5833333333333334,False
2,5.0,91,0.935,0.5717948717948718,0.5833333333333334,False
2,5.0,92,0.89,0.5641025641025641,0.5833333333333334,False
2,5.0,93,0.845,0.5717948717948718,0.5833333333333334,False
2,5.0,94,0.8049999999999999,0.558974358974359,0.5833333333333334,False
2,5.0,95,0.765,0.5564102564102564,0.5833333333333334,False
2,5.0,96,0.7250000000000001,0.5615384615384615,0.5833333333333334,False
2,5.0,97,0.69,0.5512820512820513,0.5833333333333334,False
2,5.0,98,0.655,0.5461538461538461,0.5833333333333334,False
2,5.0,99,0.62,0.5512820512820513,0.5833333333333334,False
2,5.0,100,0.59,0.5487179487179488,0.5833333333333334,False
2,5.0,101,0.5599999999999999,0.5358974358974359,0.5833333333333334,False
2,5.0,102,0.53,0.5333333333333333,0.5833333333333334,False
2,5.0,103,0.505,0.5512820512820513,0.5833333333333334,False
2,5.0,104,0.48,0.5384615384615384,0.5833333333333334,False
2,5.0,105,0.455,0.5205128205128206,0.5,False
2,5.0,106,0.43499999999999994,0.5230769230769231,0.5,False
2,5.0,107,0.41000000000000003,0.5230769230769231,0.5,False
2,5.0,108,0.38999999999999996,0.517948717948718,0.5,False
2,5.0,109,0.37,0.5256410256410257,0.5,False
2,5.0,110,0.35000000000000003,0.5487179487179488,0.5,False
2,5.0,111,0.335,0.5153846153846153,0.5,False
2,5.0,112,0.315,0.5205128205128206,0.5,False
2,5.0,113,0.3,0.5307692307692308,0.5,False
2,5.0,114,0.28500000000000003,0.5076923076923077,0.5,False
2,5.0,115,0.27,0.5333333333333333,0.5,False
2,5.0,116,0.26,0.5230769230769231,0.5,False
2,5.0,117,0.245,0.5076923076923077,0.5,False
2,5.0,118,0.23500000000000001,0.517948717948718,0.5,False
2,5.0,119,0.22,0.5153846153846153,0.5,False
2,5.0,120,0.21,0.5205128205128206,0.5,False
2,5.0,121,0.2,0.5153846153846153,0.5,False
2,5.0,122,0.19,0.5230769230769231,0.5,False
2,5.0,123,0.18,0.5102564102564102,0.5,False
2,5.0,124,0.16999999999999998,0.4948717948717949,0.5,False
2,5.0,125,0.16,0.5025641025641026,0.5,False
2,5.0,126,0.155,0.5256410256410257,0.5,False
2,5.0,127,0.145,0.5153846153846153,0.5,False
2,5.0,128,0.13999999999999999,0.5128205128205128,0.5,False
2,5.0,129,0.13,0.5128205128205128,0.5,False
2,5.0,130,0.125,0.5051282051282051,0.5,False
2,5.0,131,0.12,0.5051282051282051,0.5,False
2,5.0,132,0.11,0.4948717948717949,0.5,False
2,5.0,133,0.105,0.47435897435897434,0.5,False
2,5.0,134,0.1,0.4794871794871795,0.5,False
2,5.0,135,0.095,0.5051282051282051,0.5,False
2,5.0,136,0.09,0.5,0.5,False
2,5.0,137,0.08499999999999999,0.49743589743589745,0.5,False
2,5.0,138,0.08,0.5102564102564102,0.5,False
2,5.0,139,0.075,0.5128205128205128,0.5,False
2,5.0,140,0.06999999999999999,0.5230769230769231,0.5,False
2,5.0,141,0.065,0.5128205128205128,0.5,False
2,5.0,142,0.06,0.5,0.5,False
2,5.0,143,0.055,0.5102564102564102,0.5,False
2,5.0,144,0.05,0.5230769230769231,0.5,False
2,5.0,145,0.045,0.5230769230769231,0.5,False
3,0.0,0,100.0,0.6564102564102564,0.6190476190476191,False
3,0.0,1,95.0,0.658974358974359,0.6190476190476191,False
3,0.0,2,90.25,0.6564102564102564,0.6190476190476191,False
3,0.0,3,85.735,0.658974358974359,0.6190476190476191,False
3,0.0,4,81.45,0.658974358974359,0.6190476190476191,False
3,0.0,5,77.375,0.6564102564102564,0.6190476190476191,False
3,0.0,6,73.505,0.6538461538461539,0.6190476190476191,False
3,0.0,7,69.83,0.658974358974359,0.6190476190476191,False
3,0.0,8,66.34,0.6538461538461539,0.6190476190476191,False
3,0.0,9,63.019999999999996,0.6512820512820513,0.6190476190476191,False
3,0.0,10,59.870000000000005,0.658974358974359,0.6190476190476191,False
3,0.0,11,56.879999999999995,0.658974358974359,0.6190476190476191,False
3,0.0,12,54.035,0.6564102564102564,0.6190476190476191,False
3,0.0,13,51.33,0.6615384615384615,0.6190476190476191,False
3,0.0,14,48.765,0.6538461538461539,0.6190476190476191,False
3,0.0,15,46.325,0.6615384615384615,0.6190476190476191,False
3,0.0,16,44.01,0.6564102564102564,0.6190476190476191,False
3,0.0,17,41.81,0.658974358974359,0.6190476190476191,False
3,0.0,18,39.72,0.658974358974359,0.6190476190476191,False
3,0.0,19,37.735,0.658974358974359,0.6190476190476191,False
3,0.0,20,35.845,0.6564102564102564,0.6190476190476191,False
3,0.0,21,34.055,0.6666666666666666,0.6190476190476191,False
3,0.0,22,32.35,0.658974358974359,0.6190476190476191,False
3,0.0,23,30.735,0.6641025641025641,0.6190476190476191,False
3,0.0,24,29.195,0.6641025641025641,0.6190476190476191,False
3,0.0,25,27.735,0.6692307692307692,0.6190476190476191,False
3,0.0,26,26.35,0.6692307692307692,0.6190476190476191,False
3,0.0,27,25.03,0.6666666666666666,0.6190476190476191,False
3,0.0,28,23.78,0.6692307692307692,0.6190476190476191,False
3,0.0,29,22.59,0.6666666666666666,0.6190476190476191,False
3,0.0,30,21.46,0.6615384615384615,0.6190476190476191,False
3,0.0,31,20.39,0.6692307692307692,0.6190476190476191,False
3,0.0,32,19.37,0.6641025641025641,0.6190476190476191,False
3,0.0,33,18.4,0.6717948717948717,0.6190476190476191,False
3,0.0,34,17.48,0.6743589743589744,0.6190476190476191,False
3,0.0,35,16.605,0.6794871794871795,0.6190476190476191,False
3,0.0,36,15.775,0.6692307692307692,0.6190476190476191,False
3,0.0,37,14.985000000000001,0.6743589743589744,0.6190476190476191,False
3,0.0,38,14.235000000000001,0.6743589743589744,0.6190476190476191,False
3,0.0,39,13.525,0.6794871794871795,0.6190476190476191,False
3,0.0,40,12.85,0.6717948717948717,0.6190476190476191,False
3,0.0,41,12.205,0.6820512820512821,0.6190476190476191,False
3,0.0,42,11.594999999999999,0.6794871794871795,0.6190476190476191,False
3,0.0,43,11.015,0.6846153846153846,0.6190476190476191,False
3,0.0,44,10.465,0.676923076923077,0.6190476190476191,False
3,0.0,45,9.94,0.6794871794871795,0.6190476190476191,False
3,0.0,46,9.445,0.6846153846153846,0.7023809523809523,False
3,0.0,47,8.97,0.6794871794871795,0.7023809523809523,False
3,0.0,48,8.525,0.6820512820512821,0.7023809523809523,False
3,0.0,49,8.094999999999999,0.6923076923076923,0.7023809523809523,False
3,0.0,50,7.6899999999999995,0.6871794871794872,0.7023809523809523,False
3,0.0,51,7.305000000000001,0.6871794871794872,0.7023809523809523,False
3,0.0,52,6.94,0.6871794871794872,0.7023809523809523,False
3,0.0,53,6.595,0.7,0.7023809523809523,False
3,0.0,54,6.265,0.6897435897435897,0.6190476190476191,False
3,0.0,55,5.949999999999999,0.6820512820512821,0.6190476190476191,False
3,0.0,56,5.655,0.6820512820512821,0.6190476190476191,False
3,0.0,57,5.37,0.6846153846153846,0.6190476190476191,False
3,0.0,58,5.1,0.6692307692307692,0.6190476190476191,False
3,0.0,59,4.845,0.6692307692307692,0.6190476190476191,False
3,0.0,60,4.605,0.6717948717948717,0.6190476190476191,False
3,0.0,61,4.375,0.6820512820512821,0.6190476190476191,False
3,0.0,62,4.154999999999999,0.6846153846153846,0.6190476190476191,False
3,0.0,63,3.945,0.6871794871794872,0.6190476190476191,False
3,0.0,64,3.75,0.6846153846153846,0.6190476190476191,False
3,0.0,65,3.56,0.6948717948717948,0.7023809523809523,False
3,0.0,66,3.385,0.6923076923076923,0.6190476190476191,False
3,0.0,67,3.215,0.6897435897435897,0.6190476190476191,False
3,0.0,68,3.055,0.6897435897435897,0.6190476190476191,False
3,0.0,69,2.9000000000000004,0.6923076923076923,0.6190476190476191,False
3,0.0,70,2.7550000000000003,0.6974358974358974,0.6190476190476191,False
3,0.0,71,2.62,0.6846153846153846,0.6190476190476191,False
3,0.0,72,2.485,0.6846153846153846,0.6190476190476191,False
3,0.0,73,2.36,0.6923076923076923,0.6190476190476191,False
3,0.0,74,2.245,0.6871794871794872,0.6190476190476191,False
3,0.0,75,2.13,0.676923076923077,0.6190476190476191,False
3,0.0,76,2.025,0.6897435897435897,0.7023809523809523,False
3,0.0,77,1.925,0.6974358974358974,0.7023809523809523,False
3,0.0,78,1.825,0.6923076923076923,0.7023809523809523,False
3,0.0,79,1.735,0.6948717948717948,0.7023809523809523,False
3,0.0,80,1.6500000000000001,0.6974358974358974,0.7023809523809523,False
3,0.0,81,1.5650000000000002,0.6974358974358974,0.7023809523809523,False
3,0.0,82,1.49,0.7,0.7023809523809523,False
3,0.0,83,1.415,0.7,0.7023809523809523,False
3,0.0,84,1.345,0.7051282051282052,0.7023809523809523,False
3,0.0,85,1.275,0.7076923076923077,0.7023809523809523,False
3,0.0,86,1.21,0.7025641025641025,0.7023809523809523,False
3,0.0,87,1.15,0.6974358974358974,0.7023809523809523,False
3,0.0,88,1.095,0.7,0.7023809523809523,False
3,0.0,89,1.04,0.7153846153846154,0.7023809523809523,False
3,0.0,90,0.985,0.717948717948718,0.7023809523809523,False
3,0.0,91,0.935,0.717948717948718,0.7023809523809523,False
3,0.0,92,0.89,0.7230769230769231,0.7023809523809523,False
3,0.0,93,0.845,0.7333333333333333,0.7023809523809523,False
3,0.0,94,0.8049999999999999,0.7410256410256411,0.7023809523809523,False
3,0.0,95,0.765,0.735897435897436,0.7023809523809523,False
3,0.0,96,0.7250000000000001,0.735897435897436,0.7023809523809523,False
3,0.0,97,0.69,0.7410256410256411,0.7738095238095238,False
3,0.0,98,0.655,0.7384615384615385,0.7738095238095238,False
3,0.0,99,0.62,0.7410256410256411,0.7738095238095238,False
3,0.0,100,0.59,0.7410256410256411,0.7738095238095238,False
3,0.0,101,0.5599999999999999,0.7333333333333333,0.7738095238095238,False
3,0.0,102,0.53,0.7282051282051282,0.7023809523809523,False
3,0.0,103,0.505,0.735897435897436,0.7023809523809523,False
3,0.0,104,0.48,0.7333333333333333,0.7023809523809523,False
3,0.0,105,0.455,0.735897435897436,0.7023809523809523,False
3,0.0,106,0.43499999999999994,0.7333333333333333,0.7023809523809523,False
3,0.0,107,0.41000000000000003,0.7307692307692307,0.7738095238095238,False
3,0.0,108,0.38999999999999996,0.735897435897436,0.7023809523809523,False
3,0.0,109,0.37,0.7512820512820513,0.7738095238095238,False
3,0.0,110,0.35000000000000003,0.7512820512820513,0.7023809523809523,False
3,0.0,111,0.335,0.7487179487179487,0.7023809523809523,False
3,0.0,112,0.315,0.7461538461538462,0.7023809523809523,False
3,0.0,113,0.3,0.7538461538461538,0.7023809523809523,False
3,0.0,114,0.28500000000000003,0.7461538461538462,0.7738095238095238,False
3,0.0,115,0.27,0.7435897435897436,0.7738095238095238,False
3,0.0,116,0.26,0.7282051282051282,0.7738095238095238,False
3,0.0,117,0.245,0.7282051282051282,0.7023809523809523,False
3,0.0,118,0.23500000000000001,0.7282051282051282,0.7738095238095238,False
3,0.0,119,0.22,0.7384615384615385,0.7738095238095238,False
3,0.0,120,0.21,0.7410256410256411,0.7738095238095238,True
3,0.0,121,0.2,0.7435897435897436,0.7738095238095238,False
3,0.0,122,0.19,0.7333333333333333,0.6904761904761905,False
3,0.0,123,0.18,0.735897435897436,0.6904761904761905,False
3,0.0,124,0.16999999999999998,0.7487179487179487,0.6904761904761905,False
3,0.0,125,0.16,0.735897435897436,0.6904761904761905,False
3,0.0,126,0.155,0.7461538461538462,0.6904761904761905,False
3,0.0,127,0.145,0.7205128205128205,0.6904761904761905,False
3,0.0,128,0.13999999999999999,0.7282051282051282,0.6904761904761905,False
3,0.0,129,0.13,0.7282051282051282,0.6904761904761905,False
3,0.0,130,0.125,0.7230769230769231,0.6190476190476191,False
3,0.0,131,0.12,0.7205128205128205,0.6190476190476191,False
3,0.0,132,0.11,0.6974358974358974,0.6190476190476191,False
3,0.0,133,0.105,0.7128205128205128,0.6190476190476191,False
3,0.0,134,0.1,0.6923076923076923,0.6190476190476191,False
3,0.0,135,0.095,0.6948717948717948,0.6190476190476191,False
3,0.0,136,0.09,0.6948717948717948,0.6190476190476191,False
3,0.0,137,0.08499999999999999,0.7051282051282052,0.6190476190476191,False
3,0.0,138,0.08,0.6692307692307692,0.6190476190476191,False
3,0.0,139,0.075,0.6897435897435897,0.6190476190476191,False
3,0.0,140,0.06999999999999999,0.6871794871794872,0.6190476190476191,False
3,0.0,141,0.065,0.6794871794871795,0.6190476190476191,False
3,0.0,142,0.06,0.6717948717948717,0.5357142857142857,False
3,0.0,143,0.055,0.6974358974358974,0.6190476190476191,False
3,0.0,144,0.05,0.6794871794871795,0.6190476190476191,False
3,0.0,145,0.045,0.6974358974358974,0.6190476190476191,False
3,0.5,0,100.0,0.6564102564102564,0.6190476190476191,False
3,0.5,1,95.0,0.658974358974359,0.6190476190476191,False
3,0.5,2,90.25,0.6538461538461539,0.6190476190476191,False
3,0.5,3,85.735,0.6564102564102564,0.6190476190476191,False
3,0.5,4,81.45,0.6538461538461539,0.6190476190476191,False
3,0.5,5,77.375,0.658974358974359,0.6190476190476191,False
3,0.5,6,73.505,0.658974358974359,0.6190476190476191,False
3,0.5,7,69.83,0.6564102564102564,0.6190476190476191,False
3,0.5,8,66.34,0.658974358974359,0.6190476190476191,False
3,0.5,9,63.019999999999996,0.658974358974359,0.6190476190476191,False
3,0.5,10,59.870000000000005,0.6564102564102564,0.6190476190476191,False
3,0.5,11,56.879999999999995,0.6512820512820513,0.6190476190476191,False
3,0.5,12,54.035,0.6461538461538462,0.6190476190476191,False
3,0.5,13,51.33,0.6538461538461539,0.6190476190476191,False
3,0.5,14,48.765,0.6538461538461539,0.6190476190476191,False
3,0.5,15,46.325,0.6615384615384615,0.6190476190476191,False
3,0.5,16,44.01,0.6615384615384615,0.6190476190476191,False
3,0.5,17,41.81,0.6666666666666666,0.6190476190476191,False
3,0.5,18,39.72,0.6666666666666666,0.6190476190476191,False
3,0.5,19,37.735,0.6615384615384615,0.6190476190476191,False
3,0.5,20,35.845,0.6666666666666666,0.6190476190476191,False
3,0.5,21,34.055,0.6666666666666666,0.6190476190476191,False
3,0.5,22,32.35,0.6641025641025641,0.6190476190476191,False
3,0.5,23,30.735,0.6743589743589744,0.6190476190476191,False
3,0.5,24,29.195,0.6692307692307692,0.6190476190476191,False
3,0.5,25,27.735,0.6666666666666666,0.6190476190476191,False
3,0.5,26,26.35,0.676923076923077,0.6190476190476191,False
3,0.5,27,25.03,0.6794871794871795,0.6190476190476191,False
3,0.5,28,23.78,0.6794871794871795,0.6190476190476191,False
3,0.5,29,22.59,0.6743589743589744,0.6190476190476191,False
3,0.5,30,21.46,0.676923076923077,0.6190476190476191,False
3,0.5,31,20.39,0.6615384615384615,0.6190476190476191,False
3,0.5,32,19.37,0.6820512820512821,0.6190476190476191,False
3,0.5,33,18.4,0.6666666666666666,0.6190476190476191,False
3,0.5,34,17.48,0.6897435897435897,0.6190476190476191,False
3,0.5,35,16.605,0.676923076923077,0.6190476190476191,False
3,0.5,36,15.775,0.6794871794871795,0.6190476190476191,False
3,0.5,37,14.985000000000001,0.6846153846153846,0.6190476190476191,False
3,0.5,38,14.235000000000001,0.6846153846153846,0.6190476190476191,False
3,0.5,39,13.525,0.6820512820512821,0.6190476190476191,False
3,0.5,40,12.85,0.6794871794871795,0.6190476190476191,False
3,0.5,41,12.205,0.676923076923077,0.6190476190476191,False
3,0.5,42,11.594999999999999,0.6717948717948717,0.6190476190476191,False
3,0.5,43,11.015,0.6820512820512821,0.6190476190476191,False
3,0.5,44,10.465,0.6846153846153846,0.6190476190476191,False
3,0.5,45,9.94,0.6897435897435897,0.6190476190476191,False
3,0.5,46,9.445,0.6974358974358974,0.6190476190476191,False
3,0.5,47,8.97,0.6897435897435897,0.6190476190476191,False
3,0.5,48,8.525,0.6794871794871795,0.6190476190476191,False
3,0.5,49,8.094999999999999,0.6820512820512821,0.6190476190476191,False
3,0.5,50,7.6899999999999995,0.6743589743589744,0.6190476190476191,False
3,0.5,51,7.305000000000001,0.6743589743589744,0.6190476190476191,False
3,0.5,52,6.94,0.676923076923077,0.6190476190476191,False
3,0.5,53,6.595,0.658974358974359,0.6190476190476191,False
3,0.5,54,6.265,0.6666666666666666,0.6190476190476191,False
3,0.5,55,5.949999999999999,0.6615384615384615,0.6190476190476191,False
3,0.5,56,5.655,0.6410256410256411,0.6190476190476191,False
3,0.5,57,5.37,0.6461538461538462,0.6190476190476191,False
3,0.5,58,5.1,0.6487179487179487,0.6190476190476191,False
3,0.5,59,4.845,0.6410256410256411,0.6190476190476191,False
3,0.5,60,4.605,0.6487179487179487,0.6190476190476191,False
3,0.5,61,4.375,0.6461538461538462,0.6190476190476191,False
3,0.5,62,4.154999999999999,0.6282051282051282,0.6190476190476191,False
3,0.5,63,3.945,0.6282051282051282,0.6190476190476191,False
3,0.5,64,3.75,0.6410256410256411,0.6190476190476191,False
3,0.5,65,3.56,0.6307692307692307,0.6190476190476191,False
3,0.5,66,3.385,0.6358974358974359,0.6190476190476191,False
3,0.5,67,3.215,0.6307692307692307,0.6190476190476191,False
3,0.5,68,3.055,0.6256410256410256,0.6190476190476191,False
3,0.5,69,2.9000000000000004,0.6205128205128205,0.6190476190476191,False
3,0.5,70,2.7550000000000003,0.6282051282051282,0.6190476190476191,False
3,0.5,71,2.62,0.6153846153846154,0.5357142857142857,False
3,0.5,72,2.485,0.6205128205128205,0.6190476190476191,False
3,0.5,73,2.36,0.6230769230769231,0.6190476190476191,False
3,0.5,74,2.245,0.6282051282051282,0.6190476190476191,False
3,0.5,75,2.13,0.6435897435897436,0.6904761904761905,False
3,0.5,76,2.025,0.6282051282051282,0.6904761904761905,False
3,0.5,77,1.925,0.6384615384615384,0.7738095238095238,False
3,0.5,78,1.825,0.6358974358974359,0.7738095238095238,False
3,0.5,79,1.735,0.6410256410256411,0.7023809523809523,False
3,0.5,80,1.6500000000000001,0.6538461538461539,0.7023809523809523,False
3,0.5,81,1.5650000000000002,0.6717948717948717,0.7738095238095238,False
3,0.5,82,1.49,0.6615384615384615,0.7738095238095238,False
3,0.5,83,1.415,0.6666666666666666,0.7738095238095238,False
3,0.5,84,1.345,0.6717948717948717,0.7738095238095238,False
3,0.5,85,1.275,0.6717948717948717,0.7738095238095238,False
3,0.5,86,1.21,0.658974358974359,0.7738095238095238,False
3,0.5,87,1.15,0.6717948717948717,0.7738095238095238,False
3,0.5,88,1.095,0.6717948717948717,0.7738095238095238,False
3,0.5,89,1.04,0.6846153846153846,0.6904761904761905,False
3,0.5,90,0.985,0.6794871794871795,0.7738095238095238,False
3,0.5,91,0.935,0.7,0.7738095238095238,False
3,0.5,92,0.89,0.7051282051282052,0.7738095238095238,False
3,0.5,93,0.845,0.7076923076923077,0.7738095238095238,False
3,0.5,94,0.8049999999999999,0.7051282051282052,0.7738095238095238,False
3,0.5,95,0.765,0.7076923076923077,0.7738095238095238,False
3,0.5,96,0.7250000000000001,0.717948717948718,0.7738095238095238,False
3,0.5,97,0.69,0.717948717948718,0.7738095238095238,False
3,0.5,98,0.655,0.7128205128205128,0.7738095238095238,False
3,0.5,99,0.62,0.717948717948718,0.7738095238095238,False
3,0.5,100,0.59,0.717948717948718,0.7738095238095238,False
3,0.5,101,0.5599999999999999,0.7256410256410256,0.7738095238095238,False
3,0.5,102,0.53,0.7153846153846154,0.7738095238095238,False
3,0.5,103,0.505,0.6974358974358974,0.7738095238095238,False
3,0.5,104,0.48,0.7102564102564103,0.7738095238095238,False
3,0.5,105,0.455,0.717948717948718,0.7738095238095238,False
3,0.5,106,0.43499999999999994,0.7051282051282052,0.7738095238095238,False
3,0.5,107,0.41000000000000003,0.7102564102564103,0.7738095238095238,False
3,0.5,108,0.38999999999999996,0.7102564102564103,0.7738095238095238,False
3,0.5,109,0.37,0.7128205128205128,0.7738095238095238,False
3,0.5,110,0.35000000000000003,0.7153846153846154,0.7738095238095238,False
3,0.5,111,0.335,0.7102564102564103,0.7738095238095238,False
3,0.5,112,0.315,0.7128205128205128,0.7023809523809523,False
3,0.5,113,0.3,0.7076923076923077,0.7738095238095238,False
3,0.5,114,0.28500000000000003,0.7076923076923077,0.7738095238095238,False
3,0.5,115,0.27,0.7205128205128205,0.7023809523809523,False
3,0.5,116,0.26,0.7153846153846154,0.7023809523809523,False
3,0.5,117,0.245,0.7230769230769231,0.7023809523809523,False
3,0.5,118,0.23500000000000001,0.7230769230769231,0.7023809523809523,False
3,0.5,119,0.22,0.7435897435897436,0.7023809523809523,False
3,0.5,120,0.21,0.7512820512820513,0.7738095238095238,False
3,0.5,121,0.2,0.7512820512820513,0.7738095238095238,False
3,0.5,122,0.19,0.7512820512820513,0.7023809523809523,False
3,0.5,123,0.18,0.764102564102564,0.7738095238095238,False
3,0.5,124,0.16999999999999998,0.7589743589743589,0.7738095238095238,False
3,0.5,125,0.16,0.7564102564102564,0.7738095238095238,False
3,0.5,126,0.155,0.7564102564102564,0.7738095238095238,False
3,0.5,127,0.145,0.7461538461538462,0.7738095238095238,False
3,0.5,128,0.13999999999999999,0.7487179487179487,0.7738095238095238,False
3,0.5,129,0.13,0.7564102564102564,0.7738095238095238,False
3,0.5,130,0.125,0.764102564102564,0.7738095238095238,False
3,0.5,131,0.12,0.7512820512820513,0.7738095238095238,False
3,0.5,132,0.11,0.7461538461538462,0.7738095238095238,False
3,0.5,133,0.105,0.7410256410256411,0.7023809523809523,False
3,0.5,134,0.1,0.7410256410256411,0.7738095238095238,False
3,0.5,135,0.095,0.7538461538461538,0.8452380952380952,False
3,0.5,136,0.09,0.7512820512820513,0.8452380952380952,False
3,0.5,137,0.08499999999999999,0.7461538461538462,0.8452380952380952,False
3,0.5,138,0.08,0.7435897435897436,0.8452380952380952,False
3,0.5,139,0.075,0.7538461538461538,0.8452380952380952,False
3,0.5,140,0.06999999999999999,0.7512820512820513,0.8452380952380952,True
3,0.5,141,0.065,0.7589743589743589,0.8452380952380952,False
3,0.5,142,0.06,0.7615384615384615,0.7738095238095238,False
3,0.5,143,0.055,0.7435897435897436,0.7023809523809523,False
3,0.5,144,0.05,0.7615384615384615,0.7738095238095238,False
3,0.5,145,0.045,0.7512820512820513,0.7023809523809523,False
3,1.0,0,100.0,0.6564102564102564,0.6190476190476191,False
3,1.0,1,95.0,0.6564102564102564,0.6190476190476191,False
3,1.0,2,90.25,0.6538461538461539,0.6190476190476191,False
3,1.0,3,85.735,0.6564102564102564,0.6190476190476191,False
3,1.0,4,81.45,0.6538461538461539,0.6190476190476191,False
3,1.0,5,77.375,0.658974358974359,0.6190476190476191,False
3,1.0,6,73.505,0.6641025641025641,0.6190476190476191,False
3,1.0,7,69.83,0.6666666666666666,0.6190476190476191,False
3,1.0,8,66.34,0.6615384615384615,0.6190476190476191,False
3,1.0,9,63.019999999999996,0.6641025641025641,0.6190476190476191,False
3,1.0,10,59.870000000000005,0.6641025641025641,0.6190476190476191,False
3,1.0,11,56.879999999999995,0.6692307692307692,0.6190476190476191,False
3,1.0,12,54.035,0.6717948717948717,0.6190476190476191,False
3,1.0,13,51.33,0.6692307692307692,0.6190476190476191,False
3,1.0,14,48.765,0.6692307692307692,0.6190476190476191,False
3,1.0,15,46.325,0.6743589743589744,0.6190476190476191,False
3,1.0,16,44.01,0.6692307692307692,0.6190476190476191,False
3,1.0,17,41.81,0.6692307692307692,0.6190476190476191,False
3,1.0,18,39.72,0.6615384615384615,0.6190476190476191,False
3,1.0,19,37.735,0.6615384615384615,0.6190476190476191,False
3,1.0,20,35.845,0.6666666666666666,0.6190476190476191,False
3,1.0,21,34.055,0.6641025641025641,0.6190476190476191,False
3,1.0,22,32.35,0.6615384615384615,0.6190476190476191,False
3,1.0,23,30.735,0.6743589743589744,0.6190476190476191,False
3,1.0,24,29.195,0.6717948717948717,0.6190476190476191,False
3,1.0,25,27.735,0.6794871794871795,0.6190476190476191,False
3,1.0,26,26.35,0.6820512820512821,0.6190476190476191,False
3,1.0,27,25.03,0.6717948717948717,0.6190476190476191,False
3,1.0,28,23.78,0.6717948717948717,0.6190476190476191,False
3,1.0,29,22.59,0.6717948717948717,0.6190476190476191,False
3,1.0,30,21.46,0.6641025641025641,0.6190476190476191,False
3,1.0,31,20.39,0.658974358974359,0.6190476190476191,False
3,1.0,32,19.37,0.6641025641025641,0.6190476190476191,False
3,1.0,33,18.4,0.6641025641025641,0.6190476190476191,False
3,1.0,34,17.48,0.658974358974359,0.6190476190476191,False
3,1.0,35,16.605,0.6641025641025641,0.6190476190476191,False
3,1.0,36,15.775,0.6615384615384615,0.6190476190476191,False
3,1.0,37,14.985000000000001,0.6615384615384615,0.6190476190476191,False
3,1.0,38,14.235000000000001,0.6615384615384615,0.6190476190476191,False
3,1.0,39,13.525,0.6615384615384615,0.6190476190476191,False
3,1.0,40,12.85,0.6666666666666666,0.6190476190476191,False
3,1.0,41,12.205,0.6641025641025641,0.6190476190476191,False
3,1.0,42,11.594999999999999,0.658974358974359,0.6190476190476191,False
3,1.0,43,11.015,0.6512820512820513,0.6190476190476191,False
3,1.0,44,10.465,0.6538461538461539,0.6190476190476191,False
3,1.0,45,9.94,0.658974358974359,0.6190476190476191,False
3,1.0,46,9.445,0.6487179487179487,0.6190476190476191,False
3,1.0,47,8.97,0.6435897435897436,0.6190476190476191,False
3,1.0,48,8.525,0.6435897435897436,0.6190476190476191,False
3,1.0,49,8.094999999999999,0.6538461538461539,0.6190476190476191,False
3,1.0,50,7.6899999999999995,0.6461538461538462,0.6190476190476191,False
3,1.0,51,7.305000000000001,0.6666666666666666,0.6190476190476191,False
3,1.0,52,6.94,0.658974358974359,0.6190476190476191,False
3,1.0,53,6.595,0.6564102564102564,0.6190476190476191,False
3,1.0,54,6.265,0.6666666666666666,0.6190476190476191,False
3,1.0,55,5.949999999999999,0.6641025641025641,0.6190476190476191,False
3,1.0,56,5.655,0.6717948717948717,0.6190476190476191,False
3,1.0,57,5.37,0.6692307692307692,0.6190476190476191,False
3,1.0,58,5.1,0.6692307692307692,0.6190476190476191,False
3,1.0,59,4.845,0.6820512820512821,0.6190476190476191,False
3,1.0,60,4.605,0.6615384615384615,0.6190476190476191,False
3,1.0,61,4.375,0.6564102564102564,0.6190476190476191,False
3,1.0,62,4.154999999999999,0.6384615384615384,0.6190476190476191,False
3,1.0,63,3.945,0.6435897435897436,0.6190476190476191,False
3,1.0,64,3.75,0.6487179487179487,0.6190476190476191,False
3,1.0,65,3.56,0.6564102564102564,0.6190476190476191,False
3,1.0,66,3.385,0.6538461538461539,0.6190476190476191,False
3,1.0,67,3.215,0.6461538461538462,0.6190476190476191,False
3,1.0,68,3.055,0.6461538461538462,0.6190476190476191,False
3,1.0,69,2.9000000000000004,0.6461538461538462,0.6190476190476191,False
3,1.0,70,2.7550000000000003,0.6461538461538462,0.6190476190476191,False
3,1.0,71,2.62,0.6512820512820513,0.6190476190476191,False
3,1.0,72,2.485,0.6410256410256411,0.6190476190476191,False
3,1.0,73,2.36,0.6384615384615384,0.6190476190476191,False
3,1.0,74,2.245,0.6333333333333333,0.6190476190476191,False
3,1.0,75,2.13,0.6461538461538462,0.6190476190476191,False
3,1.0,76,2.025,0.6435897435897436,0.6190476190476191,False
3,1.0,77,1.925,0.6384615384615384,0.6190476190476191,False
3,1.0,78,1.825,0.6282051282051282,0.6190476190476191,False
3,1.0,79,1.735,0.6282051282051282,0.6190476190476191,False
3,1.0,80,1.6500000000000001,0.6307692307692307,0.6190476190476191,False
3,1.0,81,1.5650000000000002,0.6282051282051282,0.6190476190476191,False
3,1.0,82,1.49,0.6307692307692307,0.6190476190476191,False
3,1.0,83,1.415,0.6384615384615384,0.6190476190476191,False
3,1.0,84,1.345,0.6435897435897436,0.6190476190476191,False
3,1.0,85,1.275,0.6333333333333333,0.6190476190476191,False
3,1.0,86,1.21,0.6256410256410256,0.6190476190476191,False
3,1.0,87,1.15,0.6384615384615384,0.6190476190476191,False
3,1.0,88,1.095,0.6230769230769231,0.6190476190476191,False
3,1.0,89,1.04,0.6564102564102564,0.7023809523809523,False
3,1.0,90,0.985,0.6820512820512821,0.7023809523809523,False
3,1.0,91,0.935,0.6820512820512821,0.7023809523809523,False
3,1.0,92,0.89,0.6820512820512821,0.7023809523809523,False
3,1.0,93,0.845,0.676923076923077,0.7023809523809523,False
3,1.0,94,0.8049999999999999,0.6846153846153846,0.7023809523809523,False
3,1.0,95,0.765,0.6897435897435897,0.7023809523809523,False
3,1.0,96,0.7250000000000001,0.6897435897435897,0.7023809523809523,False
3,1.0,97,0.69,0.6948717948717948,0.7023809523809523,False
3,1.0,98,0.655,0.6948717948717948,0.7023809523809523,False
3,1.0,99,0.62,0.6871794871794872,0.7023809523809523,False
3,1.0,100,0.59,0.7076923076923077,0.7023809523809523,False
3,1.0,101,0.5599999999999999,0.7025641025641025,0.7023809523809523,False
3,1.0,102,0.53,0.7128205128205128,0.7023809523809523,False
3,1.0,103,0.505,0.7051282051282052,0.7023809523809523,False
3,1.0,104,0.48,0.7,0.7023809523809523,False
3,1.0,105,0.455,0.7025641025641025,0.7023809523809523,False
3,1.0,106,0.43499999999999994,0.7025641025641025,0.7023809523809523,False
3,1.0,107,0.41000000000000003,0.7051282051282052,0.7023809523809523,False
3,1.0,108,0.38999999999999996,0.7128205128205128,0.7023809523809523,False
3,1.0,109,0.37,0.7128205128205128,0.7023809523809523,False
3,1.0,110,0.35000000000000003,0.7102564102564103,0.7023809523809523,False
3,1.0,111,0.335,0.7128205128205128,0.7023809523809523,False
3,1.0,112,0.315,0.7051282051282052,0.7023809523809523,False
3,1.0,113,0.3,0.7,0.7023809523809523,False
3,1.0,114,0.28500000000000003,0.7051282051282052,0.7023809523809523,False
3,1.0,115,0.27,0.7025641025641025,0.7023809523809523,False
3,1.0,116,0.26,0.7051282051282052,0.7023809523809523,False
3,1.0,117,0.245,0.7102564102564103,0.7023809523809523,False
3,1.0,118,0.23500000000000001,0.7051282051282052,0.7023809523809523,False
3,1.0,119,0.22,0.7025641025641025,0.7738095238095238,False
3,1.0,120,0.21,0.7128205128205128,0.7738095238095238,False
3,1.0,121,0.2,0.7128205128205128,0.7738095238095238,False
3,1.0,122,0.19,0.7128205128205128,0.7738095238095238,False
3,1.0,123,0.18,0.7128205128205128,0.7738095238095238,False
3,1.0,124,0.16999999999999998,0.7153846153846154,0.7738095238095238,False
3,1.0,125,0.16,0.7153846153846154,0.7738095238095238,False
3,1.0,126,0.155,0.7076923076923077,0.7738095238095238,False
3,1.0,127,0.145,0.7128205128205128,0.7738095238095238,False
3,1.0,128,0.13999999999999999,0.717948717948718,0.7738095238095238,False
3,1.0,129,0.13,0.7128205128205128,0.7738095238095238,False
3,1.0,130,0.125,0.7205128205128205,0.7738095238095238,False
3,1.0,131,0.12,0.7153846153846154,0.7738095238095238,False
3,1.0,132,0.11,0.7205128205128205,0.7738095238095238,False
3,1.0,133,0.105,0.7153846153846154,0.7738095238095238,False
3,1.0,134,0.1,0.7205128205128205,0.7738095238095238,False
3,1.0,135,0.095,0.7282051282051282,0.7738095238095238,False
3,1.0,136,0.09,0.7205128205128205,0.7738095238095238,False
3,1.0,137,0.08499999999999999,0.7282051282051282,0.7738095238095238,False
3,1.0,138,0.08,0.717948717948718,0.7738095238095238,False
3,1.0,139,0.075,0.7307692307692307,0.7738095238095238,False
3,1.0,140,0.06999999999999999,0.7282051282051282,0.7738095238095238,False
3,1.0,141,0.065,0.7333333333333333,0.7738095238095238,False
3,1.0,142,0.06,0.7564102564102564,0.7738095238095238,False
3,1.0,143,0.055,0.7307692307692307,0.8452380952380952,False
3,1.0,144,0.05,0.735897435897436,0.8452380952380952,True
3,1.0,145,0.045,0.735897435897436,0.8452380952380952,False
3,2.0,0,100.0,0.6564102564102564,0.6190476190476191,False
3,2.0,1,95.0,0.6615384615384615,0.6190476190476191,False
3,2.0,2,90.25,0.6615384615384615,0.6190476190476191,False
3,2.0,3,85.735,0.6615384615384615,0.6190476190476191,False
3,2.0,4,81.45,0.6641025641025641,0.6190476190476191,False
3,2.0,5,77.375,0.6692307692307692,0.6190476190476191,False
3,2.0,6,73.505,0.6666666666666666,0.6190476190476191,False
3,2.0,7,69.83,0.6666666666666666,0.6190476190476191,False
3,2.0,8,66.34,0.6666666666666666,0.6190476190476191,False
3,2.0,9,63.019999999999996,0.6641025641025641,0.6190476190476191,False
3,2.0,10,59.870000000000005,0.6692307692307692,0.6190476190476191,False
3,2.0,11,56.879999999999995,0.6692307692307692,0.6190476190476191,False
3,2.0,12,54.035,0.658974358974359,0.6190476190476191,False
3,2.0,13,51.33,0.6641025641025641,0.6190476190476191,False
3,2.0,14,48.765,0.6666666666666666,0.6190476190476191,False
3,2.0,15,46.325,0.6717948717948717,0.6190476190476191,False
3,2.0,16,44.01,0.6666666666666666,0.6190476190476191,False
3,2.0,17,41.81,0.6717948717948717,0.6190476190476191,False
3,2.0,18,39.72,0.6717948717948717,0.6190476190476191,False
3,2.0,19,37.735,0.6743589743589744,0.6190476190476191,False
3,2.0,20,35.845,0.676923076923077,0.6190476190476191,False
3,2.0,21,34.055,0.6846153846153846,0.6190476190476191,False
3,2.0,22,32.35,0.6743589743589744,0.6190476190476191,False
3,2.0,23,30.735,0.6794871794871795,0.6190476190476191,False
3,2.0,24,29.195,0.6743589743589744,0.6190476190476191,False
3,2.0,25,27.735,0.6692307692307692,0.6190476190476191,False
3,2.0,26,26.35,0.6641025641025641,0.6190476190476191,False
3,2.0,27,25.03,0.6538461538461539,0.6190476190476191,False
3,2.0,28,23.78,0.658974358974359,0.6190476190476191,False
3,2.0,29,22.59,0.6641025641025641,0.6190476190476191,False
3,2.0,30,21.46,0.6692307692307692,0.6190476190476191,False
3,2.0,31,20.39,0.6666666666666666,0.6190476190476191,False
3,2.0,32,19.37,0.6564102564102564,0.6190476190476191,False
3,2.0,33,18.4,0.6820512820512821,0.6190476190476191,False
3,2.0,34,17.48,0.6820512820512821,0.6190476190476191,False
3,2.0,35,16.605,0.676923076923077,0.6190476190476191,False
3,2.0,36,15.775,0.6435897435897436,0.6190476190476191,False
3,2.0,37,14.985000000000001,0.6435897435897436,0.6190476190476191,False
3,2.0,38,14.235000000000001,0.6461538461538462,0.6190476190476191,False
3,2.0,39,13.525,0.6564102564102564,0.6190476190476191,False
3,2.0,40,12.85,0.6564102564102564,0.6190476190476191,False
3,2.0,41,12.205,0.6282051282051282,0.6190476190476191,False
3,2.0,42,11.594999999999999,0.6307692307692307,0.6190476190476191,False
3,2.0,43,11.015,0.6307692307692307,0.6190476190476191,False
3,2.0,44,10.465,0.6307692307692307,0.6190476190476191,False
3,2.0,45,9.94,0.6256410256410256,0.6190476190476191,False
3,2.0,46,9.445,0.6230769230769231,0.6190476190476191,False
3,2.0,47,8.97,0.6282051282051282,0.6904761904761905,False
3,2.0,48,8.525,0.6307692307692307,0.6904761904761905,False
3,2.0,49,8.094999999999999,0.6461538461538462,0.6904761904761905,False
3,2.0,50,7.6899999999999995,0.6410256410256411,0.6904761904761905,False
3,2.0,51,7.305000000000001,0.6384615384615384,0.6904761904761905,False
3,2.0,52,6.94,0.6333333333333333,0.6904761904761905,False
3,2.0,53,6.595,0.6307692307692307,0.6904761904761905,False
3,2.0,54,6.265,0.6384615384615384,0.6904761904761905,False
3,2.0,55,5.949999999999999,0.6461538461538462,0.6904761904761905,False
3,2.0,56,5.655,0.6410256410256411,0.6904761904761905,False
3,2.0,57,5.37,0.6461538461538462,0.6904761904761905,False
3,2.0,58,5.1,0.6307692307692307,0.6904761904761905,False
3,2.0,59,4.845,0.6435897435897436,0.6904761904761905,False
3,2.0,60,4.605,0.6487179487179487,0.6904761904761905,False
3,2.0,61,4.375,0.6333333333333333,0.6904761904761905,False
3,2.0,62,4.154999999999999,0.6435897435897436,0.6904761904761905,False
3,2.0,63,3.945,0.6615384615384615,0.6904761904761905,False
3,2.0,64,3.75,0.6461538461538462,0.6904761904761905,False
3,2.0,65,3.56,0.6461538461538462,0.6904761904761905,False
3,2.0,66,3.385,0.6333333333333333,0.6904761904761905,False
3,2.0,67,3.215,0.6358974358974359,0.6904761904761905,False
3,2.0,68,3.055,0.6384615384615384,0.6904761904761905,False
3,2.0,69,2.9000000000000004,0.6487179487179487,0.6904761904761905,False
3,2.0,70,2.7550000000000003,0.6461538461538462,0.6904761904761905,False
3,2.0,71,2.62,0.6461538461538462,0.6904761904761905,False
3,2.0,72,2.485,0.6435897435897436,0.6904761904761905,False
3,2.0,73,2.36,0.6435897435897436,0.6904761904761905,False
3,2.0,74,2.245,0.6410256410256411,0.6904761904761905,False
3,2.0,75,2.13,0.6282051282051282,0.6904761904761905,False
3,2.0,76,2.025,0.6153846153846154,0.6904761904761905,False
3,2.0,77,1.925,0.6153846153846154,0.6904761904761905,False
3,2.0,78,1.825,0.617948717948718,0.6904761904761905,False
3,2.0,79,1.735,0.6153846153846154,0.7619047619047619,False
3,2.0,80,1.6500000000000001,0.6230769230769231,0.7619047619047619,False
3,2.0,81,1.5650000000000002,0.6230769230769231,0.7619047619047619,False
3,2.0,82,1.49,0.6205128205128205,0.7619047619047619,False
3,2.0,83,1.415,0.6282051282051282,0.7619047619047619,False
3,2.0,84,1.345,0.6282051282051282,0.7619047619047619,False
3,2.0,85,1.275,0.6205128205128205,0.7619047619047619,False
3,2.0,86,1.21,0.617948717948718,0.7619047619047619,False
3,2.0,87,1.15,0.617948717948718,0.7619047619047619,False
3,2.0,88,1.095,0.6333333333333333,0.7619047619047619,False
3,2.0,89,1.04,0.6333333333333333,0.7619047619047619,False
3,2.0,90,0.985,0.6333333333333333,0.7619047619047619,False
3,2.0,91,0.935,0.6461538461538462,0.7619047619047619,False
3,2.0,92,0.89,0.6538461538461539,0.7619047619047619,False
3,2.0,93,0.845,0.6538461538461539,0.7619047619047619,False
3,2.0,94,0.8049999999999999,0.6358974358974359,0.7619047619047619,False
3,2.0,95,0.765,0.6282051282051282,0.7619047619047619,False
3,2.0,96,0.7250000000000001,0.6384615384615384,0.7619047619047619,False
3,2.0,97,0.69,0.6435897435897436,0.7619047619047619,False
3,2.0,98,0.655,0.617948717948718,0.7619047619047619,False
3,2.0,99,0.62,0.6333333333333333,0.7619047619047619,False
3,2.0,100,0.59,0.6358974358974359,0.8333333333333333,False
3,2.0,101,0.5599999999999999,0.6282051282051282,0.7619047619047619,False
3,2.0,102,0.53,0.6282051282051282,0.8333333333333333,False
3,2.0,103,0.505,0.6282051282051282,0.8333333333333333,False
3,2.0,104,0.48,0.6333333333333333,0.8333333333333333,False
3,2.0,105,0.455,0.6307692307692307,0.8333333333333333,False
3,2.0,106,0.43499999999999994,0.6205128205128205,0.8333333333333333,False
3,2.0,107,0.41000000000000003,0.6,0.7619047619047619,False
3,2.0,108,0.38999999999999996,0.6025641025641025,0.7619047619047619,False
3,2.0,109,0.37,0.6102564102564103,0.7619047619047619,False
3,2.0,110,0.35000000000000003,0.6230769230769231,0.8333333333333333,False
3,2.0,111,0.335,0.6307692307692307,0.7619047619047619,False
3,2.0,112,0.315,0.6282051282051282,0.8333333333333333,False
3,2.0,113,0.3,0.6282051282051282,0.8333333333333333,False
3,2.0,114,0.28500000000000003,0.6461538461538462,0.8333333333333333,False
3,2.0,115,0.27,0.6487179487179487,0.8333333333333333,False
3,2.0,116,0.26,0.617948717948718,0.8452380952380952,False
3,2.0,117,0.245,0.617948717948718,0.8452380952380952,False
3,2.0,118,0.23500000000000001,0.6128205128205129,0.8452380952380952,True
3,2.0,119,0.22,0.6102564102564103,0.8452380952380952,False
3,2.0,120,0.21,0.5974358974358974,0.8333333333333333,False
3,2.0,121,0.2,0.5820512820512821,0.8333333333333333,False
3,2.0,122,0.19,0.5897435897435898,0.75,False
3,2.0,123,0.18,0.5923076923076923,0.75,False
3,2.0,124,0.16999999999999998,0.5871794871794872,0.75,False
3,2.0,125,0.16,0.5974358974358974,0.75,False
3,2.0,126,0.155,0.6076923076923076,0.6666666666666666,False
3,2.0,127,0.145,0.5769230769230769,0.6666666666666666,False
3,2.0,128,0.13999999999999999,0.5820512820512821,0.6666666666666666,False
3,2.0,129,0.13,0.5641025641025641,0.5833333333333334,False
3,2.0,130,0.125,0.5512820512820513,0.5833333333333334,False
3,2.0,131,0.12,0.541025641025641,0.5833333333333334,False
3,2.0,132,0.11,0.5230769230769231,0.5833333333333334,False
3,2.0,133,0.105,0.5358974358974359,0.5833333333333334,False
3,2.0,134,0.1,0.49743589743589745,0.5,False
3,2.0,135,0.095,0.49743589743589745,0.5,False
3,2.0,136,0.09,0.517948717948718,0.5,False
3,2.0,137,0.08499999999999999,0.49743589743589745,0.5,False
3,2.0,138,0.08,0.5,0.5,False
3,2.0,139,0.075,0.5,0.5,False
3,2.0,140,0.06999999999999999,0.48717948717948717,0.5,False
3,2.0,141,0.065,0.5,0.5,False
3,2.0,142,0.06,0.5,0.5,False
3,2.0,143,0.055,0.5051282051282051,0.5,False
3,2.0,144,0.05,0.5153846153846153,0.5,False
3,2.0,145,0.045,0.49743589743589745,0.5,False
3,5.0,0,100.0,0.6564102564102564,0.6190476190476191,False
3,5.0,1,95.0,0.6794871794871795,0.6190476190476191,False
3,5.0,2,90.25,0.6692307692307692,0.6190476190476191,False
3,5.0,3,85.735,0.6564102564102564,0.6190476190476191,False
3,5.0,4,81.45,0.6666666666666666,0.6190476190476191,False
3,5.0,5,77.375,0.6538461538461539,0.6190476190476191,False
3,5.0,6,73.505,0.6717948717948717,0.6190476190476191,False
3,5.0,7,69.83,0.6743589743589744,0.6190476190476191,False
3,5.0,8,66.34,0.6692307692307692,0.6190476190476191,False
3,5.0,9,63.019999999999996,0.6692307692307692,0.6190476190476191,False
3,5.0,10,59.870000000000005,0.6666666666666666,0.6190476190476191,False
3,5.0,11,56.879999999999995,0.6692307692307692,0.6190476190476191,False
3,5.0,12,54.035,0.6641025641025641,0.6190476190476191,False
3,5.0,13,51.33,0.6743589743589744,0.6190476190476191,False
3,5.0,14,48.765,0.6564102564102564,0.7023809523809523,False
3,5.0,15,46.325,0.6512820512820513,0.7023809523809523,False
3,5.0,16,44.01,0.6615384615384615,0.7023809523809523,False
3,5.0,17,41.81,0.6487179487179487,0.6190476190476191,False
3,5.0,18,39.72,0.6615384615384615,0.6190476190476191,False
3,5.0,19,37.735,0.676923076923077,0.6904761904761905,False
3,5.0,20,35.845,0.6794871794871795,0.6904761904761905,False
3,5.0,21,34.055,0.6666666666666666,0.6904761904761905,False
3,5.0,22,32.35,0.6692307692307692,0.6904761904761905,False
3,5.0,23,30.735,0.6692307692307692,0.7738095238095238,False
3,5.0,24,29.195,0.6743589743589744,0.6904761904761905,False
3,5.0,25,27.735,0.6512820512820513,0.6904761904761905,False
3,5.0,26,26.35,0.6512820512820513,0.6904761904761905,False
3,5.0,27,25.03,0.6538461538461539,0.6904761904761905,False
3,5.0,28,23.78,0.658974358974359,0.6904761904761905,False
3,5.0,29,22.59,0.6487179487179487,0.6904761904761905,False
3,5.0,30,21.46,0.6743589743589744,0.6904761904761905,False
3,5.0,31,20.39,0.676923076923077,0.6904761904761905,False
3,5.0,32,19.37,0.6512820512820513,0.6904761904761905,False
3,5.0,33,18.4,0.6538461538461539,0.7738095238095238,False
3,5.0,34,17.48,0.6410256410256411,0.6904761904761905,False
3,5.0,35,16.605,0.6230769230769231,0.6904761904761905,False
3,5.0,36,15.775,0.6282051282051282,0.6904761904761905,False
3,5.0,37,14.985000000000001,0.6307692307692307,0.6904761904761905,False
3,5.0,38,14.235000000000001,0.6230769230769231,0.6904761904761905,False
3,5.0,39,13.525,0.6230769230769231,0.6904761904761905,False
3,5.0,40,12.85,0.6051282051282051,0.6904761904761905,False
3,5.0,41,12.205,0.6333333333333333,0.6904761904761905,False
3,5.0,42,11.594999999999999,0.6153846153846154,0.6904761904761905,False
3,5.0,43,11.015,0.6256410256410256,0.6904761904761905,False
3,5.0,44,10.465,0.6358974358974359,0.6904761904761905,False
3,5.0,45,9.94,0.6512820512820513,0.6904761904761905,False
3,5.0,46,9.445,0.6333333333333333,0.6904761904761905,False
3,5.0,47,8.97,0.6358974358974359,0.6904761904761905,False
3,5.0,48,8.525,0.6461538461538462,0.6904761904761905,False
3,5.0,49,8.094999999999999,0.6435897435897436,0.6904761904761905,False
3,5.0,50,7.6899999999999995,0.6435897435897436,0.6904761904761905,False
3,5.0,51,7.305000000000001,0.6358974358974359,0.6904761904761905,False
3,5.0,52,6.94,0.6307692307692307,0.6904761904761905,False
3,5.0,53,6.595,0.6487179487179487,0.6904761904761905,False
3,5.0,54,6.265,0.6512820512820513,0.7738095238095238,False
3,5.0,55,5.949999999999999,0.658974358974359,0.6904761904761905,False
3,5.0,56,5.655,0.6307692307692307,0.7738095238095238,False
3,5.0,57,5.37,0.6384615384615384,0.7738095238095238,False
3,5.0,58,5.1,0.6538461538461539,0.7738095238095238,False
3,5.0,59,4.845,0.6564102564102564,0.7738095238095238,False
3,5.0,60,4.605,0.6564102564102564,0.7738095238095238,False
3,5.0,61,4.375,0.6435897435897436,0.7738095238095238,False
3,5.0,62,4.154999999999999,0.6358974358974359,0.7738095238095238,False
3,5.0,63,3.945,0.6461538461538462,0.7738095238095238,False
3,5.0,64,3.75,0.6384615384615384,0.7738095238095238,False
3,5.0,65,3.56,0.6435897435897436,0.7738095238095238,False
3,5.0,66,3.385,0.6487179487179487,0.7023809523809523,False
3,5.0,67,3.215,0.6461538461538462,0.7738095238095238,False
3,5.0,68,3.055,0.6538461538461539,0.7738095238095238,False
3,5.0,69,2.9000000000000004,0.6538461538461539,0.7738095238095238,False
3,5.0,70,2.7550000000000003,0.6538461538461539,0.7738095238095238,False
3,5.0,71,2.62,0.6641025641025641,0.7738095238095238,False
3,5.0,72,2.485,0.658974358974359,0.7023809523809523,False
3,5.0,73,2.36,0.6641025641025641,0.7738095238095238,False
3,5.0,74,2.245,0.6717948717948717,0.7738095238095238,False
3,5.0,75,2.13,0.6564102564102564,0.7738095238095238,False
3,5.0,76,2.025,0.6564102564102564,0.7738095238095238,False
3,5.0,77,1.925,0.658974358974359,0.7738095238095238,False
3,5.0,78,1.825,0.6692307692307692,0.7738095238095238,False
3,5.0,79,1.735,0.6820512820512821,0.7619047619047619,False
3,5.0,80,1.6500000000000001,0.6666666666666666,0.7619047619047619,False
3,5.0,81,1.5650000000000002,0.6641025641025641,0.7619047619047619,False
3,5.0,82,1.49,0.6871794871794872,0.7619047619047619,False
3,5.0,83,1.415,0.6692307692307692,0.7619047619047619,False
3,5.0,84,1.345,0.658974358974359,0.8452380952380952,False
3,5.0,85,1.275,0.658974358974359,0.7619047619047619,False
3,5.0,86,1.21,0.6743589743589744,0.7619047619047619,False
3,5.0,87,1.15,0.6641025641025641,0.8452380952380952,False
3,5.0,88,1.095,0.6743589743589744,0.8452380952380952,False
3,5.0,89,1.04,0.6717948717948717,0.8452380952380952,False
3,5.0,90,0.985,0.6666666666666666,0.8452380952380952,False
3,5.0,91,0.935,0.6692307692307692,0.8452380952380952,False
3,5.0,92,0.89,0.6512820512820513,0.8452380952380952,False
3,5.0,93,0.845,0.6641025641025641,0.8452380952380952,False
3,5.0,94,0.8049999999999999,0.6538461538461539,0.8452380952380952,False
3,5.0,95,0.765,0.6538461538461539,0.8452380952380952,False
3,5.0,96,0.7250000000000001,0.6641025641025641,0.8452380952380952,False
3,5.0,97,0.69,0.6692307692307692,0.8452380952380952,False
3,5.0,98,0.655,0.658974358974359,0.8452380952380952,False
3,5.0,99,0.62,0.6717948717948717,0.8452380952380952,False
3,5.0,100,0.59,0.6717948717948717,0.8452380952380952,False
3,5.0,101,0.5599999999999999,0.6564102564102564,0.8452380952380952,False
3,5.0,102,0.53,0.6743589743589744,0.8452380952380952,False
3,5.0,103,0.505,0.6820512820512821,0.8452380952380952,False
3,5.0,104,0.48,0.6923076923076923,0.8452380952380952,False
3,5.0,105,0.455,0.6871794871794872,0.8452380952380952,False
3,5.0,106,0.43499999999999994,0.6666666666666666,0.8452380952380952,True
3,5.0,107,0.41000000000000003,0.6794871794871795,0.8452380952380952,False
3,5.0,108,0.38999999999999996,0.6358974358974359,0.7619047619047619,False
3,5.0,109,0.37,0.6435897435897436,0.7619047619047619,False
3,5.0,110,0.35000000000000003,0.6435897435897436,0.7619047619047619,False
3,5.0,111,0.335,0.6358974358974359,0.7619047619047619,False
3,5.0,112,0.315,0.6358974358974359,0.8333333333333333,False
3,5.0,113,0.3,0.6128205128205129,0.75,False
3,5.0,114,0.28500000000000003,0.6128205128205129,0.75,False
3,5.0,115,0.27,0.5923076923076923,0.75,False
3,5.0,116,0.26,0.5794871794871795,0.6666666666666666,False
3,5.0,117,0.245,0.5846153846153846,0.6666666666666666,False
3,5.0,118,0.23500000000000001,0.5871794871794872,0.6666666666666666,False
3,5.0,119,0.22,0.5923076923076923,0.5833333333333334,False
3,5.0,120,0.21,0.5692307692307692,0.5833333333333334,False
3,5.0,121,0.2,0.5769230769230769,0.5833333333333334,False
3,5.0,122,0.19,0.5769230769230769,0.5833333333333334,False
3,5.0,123,0.18,0.5358974358974359,0.5,False
3,5.0,124,0.16999999999999998,0.5384615384615384,0.5,False
3,5.0,125,0.16,0.5333333333333333,0.5,False
3,5.0,126,0.155,0.5282051282051282,0.5,False
3,5.0,127,0.145,0.5076923076923077,0.5,False
3,5.0,128,0.13999999999999999,0.5128205128205128,0.5,False
3,5.0,129,0.13,0.5153846153846153,0.5,False
3,5.0,130,0.125,0.5128205128205128,0.5,False
3,5.0,131,0.12,0.5128205128205128,0.5,False
3,5.0,132,0.11,0.5230769230769231,0.5,False
3,5.0,133,0.105,0.5205128205128206,0.5,False
3,5.0,134,0.1,0.5282051282051282,0.5,False
3,5.0,135,0.095,0.5307692307692308,0.5,False
3,5.0,136,0.09,0.541025641025641,0.5,False
3,5.0,137,0.08499999999999999,0.5358974358974359,0.5,False
3,5.0,138,0.08,0.5461538461538461,0.5,False
3,5.0,139,0.075,0.5282051282051282,0.5,False
3,5.0,140,0.06999999999999999,0.5333333333333333,0.5,False
3,5.0,141,0.065,0.5282051282051282,0.5,False
3,5.0,142,0.06,0.5461538461538461,0.5,False
3,5.0,143,0.055,0.541025641025641,0.5,False
3,5.0,144,0.05,0.5461538461538461,0.5,False
3,5.0,145,0.045,0.5435897435897435,0.5,False
4,0.0,0,100.0,0.6717948717948717,0.7857142857142857,False
4,0.0,1,95.0,0.6717948717948717,0.7857142857142857,False
4,0.0,2,90.25,0.6717948717948717,0.7857142857142857,False
4,0.0,3,85.735,0.6692307692307692,0.7857142857142857,False
4,0.0,4,81.45,0.6743589743589744,0.7857142857142857,False
4,0.0,5,77.375,0.676923076923077,0.7857142857142857,False
4,0.0,6,73.505,0.6743589743589744,0.7857142857142857,False
4,0.0,7,69.83,0.6717948717948717,0.7857142857142857,False
4,0.0,8,66.34,0.6743589743589744,0.7857142857142857,False
4,0.0,9,63.019999999999996,0.6846153846153846,0.7857142857142857,False
4,0.0,10,59.870000000000005,0.676923076923077,0.7857142857142857,False
4,0.0,11,56.879999999999995,0.676923076923077,0.7857142857142857,False
4,0.0,12,54.035,0.6794871794871795,0.7857142857142857,False
4,0.0,13,51.33,0.676923076923077,0.7857142857142857,False
4,0.0,14,48.765,0.6743589743589744,0.7857142857142857,False
4,0.0,15,46.325,0.6743589743589744,0.7857142857142857,False
4,0.0,16,44.01,0.6717948717948717,0.7857142857142857,False
4,0.0,17,41.81,0.6692307692307692,0.7857142857142857,False
4,0.0,18,39.72,0.6692307692307692,0.7857142857142857,False
4,0.0,19,37.735,0.6692307692307692,0.7857142857142857,False
4,0.0,20,35.845,0.6743589743589744,0.7857142857142857,False
4,0.0,21,34.055,0.676923076923077,0.7857142857142857,False
4,0.0,22,32.35,0.6743589743589744,0.7857142857142857,False
4,0.0,23,30.735,0.6717948717948717,0.7857142857142857,False
4,0.0,24,29.195,0.676923076923077,0.7857142857142857,False
4,0.0,25,27.735,0.6666666666666666,0.7857142857142857,False
4,0.0,26,26.35,0.676923076923077,0.7857142857142857,False
4,0.0,27,25.03,0.6666666666666666,0.7857142857142857,False
4,0.0,28,23.78,0.6717948717948717,0.7857142857142857,False
4,0.0,29,22.59,0.6743589743589744,0.7857142857142857,False
4,0.0,30,21.46,0.6846153846153846,0.7857142857142857,False
4,0.0,31,20.39,0.6897435897435897,0.7857142857142857,False
4,0.0,32,19.37,0.6794871794871795,0.7857142857142857,False
4,0.0,33,18.4,0.6846153846153846,0.7023809523809523,False
4,0.0,34,17.48,0.676923076923077,0.7857142857142857,False
4,0.0,35,16.605,0.676923076923077,0.7023809523809523,False
4,0.0,36,15.775,0.6743589743589744,0.7857142857142857,False
4,0.0,37,14.985000000000001,0.676923076923077,0.7857142857142857,False
4,0.0,38,14.235000000000001,0.6743589743589744,0.7857142857142857,False
4,0.0,39,13.525,0.6692307692307692,0.7857142857142857,False
4,0.0,40,12.85,0.6692307692307692,0.7857142857142857,False
4,0.0,41,12.205,0.6717948717948717,0.7857142857142857,False
4,0.0,42,11.594999999999999,0.676923076923077,0.7857142857142857,False
4,0.0,43,11.015,0.6641025641025641,0.7857142857142857,False
4,0.0,44,10.465,0.6692307692307692,0.7857142857142857,False
4,0.0,45,9.94,0.6794871794871795,0.7857142857142857,False
4,0.0,46,9.445,0.6820512820512821,0.7857142857142857,False
4,0.0,47,8.97,0.6743589743589744,0.7857142857142857,False
4,0.0,48,8.525,0.6641025641025641,0.7857142857142857,False
4,0.0,49,8.094999999999999,0.6743589743589744,0.7857142857142857,False
4,0.0,50,7.6899999999999995,0.6717948717948717,0.7857142857142857,False
4,0.0,51,7.305000000000001,0.6717948717948717,0.7857142857142857,False
4,0.0,52,6.94,0.6846153846153846,0.8571428571428572,False
4,0.0,53,6.595,0.6743589743589744,0.8571428571428572,False
4,0.0,54,6.265,0.6794871794871795,0.7857142857142857,False
4,0.0,55,5.949999999999999,0.6820512820512821,0.8571428571428572,False
4,0.0,56,5.655,0.676923076923077,0.8571428571428572,False
4,0.0,57,5.37,0.676923076923077,0.8571428571428572,False
4,0.0,58,5.1,0.6743589743589744,0.7857142857142857,False
4,0.0,59,4.845,0.6743589743589744,0.8571428571428572,False
4,0.0,60,4.605,0.676923076923077,0.8571428571428572,False
4,0.0,61,4.375,0.6897435897435897,0.8571428571428572,False
4,0.0,62,4.154999999999999,0.6820512820512821,0.8571428571428572,False
4,0.0,63,3.945,0.6794871794871795,0.8571428571428572,False
4,0.0,64,3.75,0.6871794871794872,0.8571428571428572,False
4,0.0,65,3.56,0.676923076923077,0.8571428571428572,False
4,0.0,66,3.385,0.676923076923077,0.8571428571428572,False
4,0.0,67,3.215,0.6717948717948717,0.8571428571428572,False
4,0.0,68,3.055,0.6641025641025641,0.8571428571428572,False
4,0.0,69,2.9000000000000004,0.6717948717948717,0.8571428571428572,False
4,0.0,70,2.7550000000000003,0.6666666666666666,0.8571428571428572,False
4,0.0,71,2.62,0.676923076923077,0.8571428571428572,False
4,0.0,72,2.485,0.676923076923077,0.8571428571428572,False
4,0.0,73,2.36,0.676923076923077,0.8571428571428572,False
4,0.0,74,2.245,0.6846153846153846,0.8571428571428572,False
4,0.0,75,2.13,0.6743589743589744,0.8571428571428572,False
4,0.0,76,2.025,0.6743589743589744,0.8571428571428572,False
4,0.0,77,1.925,0.6717948717948717,0.8571428571428572,False
4,0.0,78,1.825,0.6717948717948717,0.8571428571428572,False
4,0.0,79,1.735,0.6692307692307692,0.8571428571428572,False
4,0.0,80,1.6500000000000001,0.6615384615384615,0.8571428571428572,False
4,0.0,81,1.5650000000000002,0.6615384615384615,0.8571428571428572,False
4,0.0,82,1.49,0.6743589743589744,0.8571428571428572,False
4,0.0,83,1.415,0.6717948717948717,0.8571428571428572,False
4,0.0,84,1.345,0.6666666666666666,0.8571428571428572,False
4,0.0,85,1.275,0.6820512820512821,0.8571428571428572,False
4,0.0,86,1.21,0.6846153846153846,0.8571428571428572,False
4,0.0,87,1.15,0.6794871794871795,0.8571428571428572,False
4,0.0,88,1.095,0.6794871794871795,0.8571428571428572,False
4,0.0,89,1.04,0.6717948717948717,0.8571428571428572,False
4,0.0,90,0.985,0.676923076923077,0.8571428571428572,False
4,0.0,91,0.935,0.6846153846153846,0.8571428571428572,False
4,0.0,92,0.89,0.6871794871794872,0.8571428571428572,False
4,0.0,93,0.845,0.6820512820512821,0.8571428571428572,False
4,0.0,94,0.8049999999999999,0.6897435897435897,0.8571428571428572,False
4,0.0,95,0.765,0.6666666666666666,0.8571428571428572,False
4,0.0,96,0.7250000000000001,0.6717948717948717,0.8571428571428572,False
4,0.0,97,0.69,0.6846153846153846,0.8571428571428572,False
4,0.0,98,0.655,0.6846153846153846,0.8571428571428572,False
4,0.0,99,0.62,0.6871794871794872,0.8571428571428572,False
4,0.0,100,0.59,0.6871794871794872,0.8571428571428572,False
4,0.0,101,0.5599999999999999,0.6871794871794872,0.8571428571428572,False
4,0.0,102,0.53,0.6717948717948717,0.8571428571428572,False
4,0.0,103,0.505,0.6692307692307692,0.8571428571428572,False
4,0.0,104,0.48,0.6666666666666666,0.8571428571428572,False
4,0.0,105,0.455,0.6615384615384615,0.8571428571428572,False
4,0.0,106,0.43499999999999994,0.676923076923077,0.8571428571428572,False
4,0.0,107,0.41000000000000003,0.676923076923077,0.8571428571428572,False
4,0.0,108,0.38999999999999996,0.6846153846153846,0.7857142857142857,False
4,0.0,109,0.37,0.6717948717948717,0.7857142857142857,False
4,0.0,110,0.35000000000000003,0.6717948717948717,0.7857142857142857,False
4,0.0,111,0.335,0.6743589743589744,0.7142857142857143,False
4,0.0,112,0.315,0.6717948717948717,0.7142857142857143,False
4,0.0,113,0.3,0.6820512820512821,0.8571428571428572,False
4,0.0,114,0.28500000000000003,0.6948717948717948,0.7142857142857143,False
4,0.0,115,0.27,0.6923076923076923,0.7857142857142857,False
4,0.0,116,0.26,0.6871794871794872,0.7857142857142857,False
4,0.0,117,0.245,0.7025641025641025,0.8571428571428572,False
4,0.0,118,0.23500000000000001,0.6871794871794872,0.7857142857142857,False
4,0.0,119,0.22,0.6923076923076923,0.7857142857142857,False
4,0.0,120,0.21,0.6923076923076923,0.7857142857142857,False
4,0.0,121,0.2,0.7025641025641025,0.7857142857142857,False
4,0.0,122,0.19,0.7,0.8571428571428572,False
4,0.0,123,0.18,0.6974358974358974,0.8571428571428572,False
4,0.0,124,0.16999999999999998,0.7076923076923077,0.8571428571428572,False
4,0.0,125,0.16,0.6948717948717948,0.8571428571428572,False
4,0.0,126,0.155,0.6974358974358974,0.8571428571428572,False
4,0.0,127,0.145,0.7051282051282052,0.8571428571428572,False
4,0.0,128,0.13999999999999999,0.7025641025641025,0.8571428571428572,True
4,0.0,129,0.13,0.6948717948717948,0.8571428571428572,False
4,0.0,130,0.125,0.6948717948717948,0.7857142857142857,False
4,0.0,131,0.12,0.6897435897435897,0.7857142857142857,False
4,0.0,132,0.11,0.6948717948717948,0.7857142857142857,False
4,0.0,133,0.105,0.6820512820512821,0.7857142857142857,False
4,0.0,134,0.1,0.6692307692307692,0.7857142857142857,False
4,0.0,135,0.095,0.6564102564102564,0.7857142857142857,False
4,0.0,136,0.09,0.658974358974359,0.7857142857142857,False
4,0.0,137,0.08499999999999999,0.6641025641025641,0.7857142857142857,False
4,0.0,138,0.08,0.6615384615384615,0.7857142857142857,False
4,0.0,139,0.075,0.6538461538461539,0.7857142857142857,False
4,0.0,140,0.06999999999999999,0.6717948717948717,0.7857142857142857,False
4,0.0,141,0.065,0.6692307692307692,0.7857142857142857,False
4,0.0,142,0.06,0.6564102564102564,0.7857142857142857,False
4,0.0,143,0.055,0.676923076923077,0.7142857142857143,False
4,0.0,144,0.05,0.6153846153846154,0.7857142857142857,False
4,0.0,145,0.045,0.6230769230769231,0.7857142857142857,False
4,0.5,0,100.0,0.6717948717948717,0.7857142857142857,False
4,0.5,1,95.0,0.6717948717948717,0.7857142857142857,False
4,0.5,2,90.25,0.6794871794871795,0.7857142857142857,False
4,0.5,3,85.735,0.6717948717948717,0.7857142857142857,False
4,0.5,4,81.45,0.6820512820512821,0.7857142857142857,False
4,0.5,5,77.375,0.6820512820512821,0.7857142857142857,False
4,0.5,6,73.505,0.6820512820512821,0.7857142857142857,False
4,0.5,7,69.83,0.676923076923077,0.7857142857142857,False
4,0.5,8,66.34,0.6794871794871795,0.7857142857142857,False
4,0.5,9,63.019999999999996,0.6820512820512821,0.7857142857142857,False
4,0.5,10,59.870000000000005,0.6846153846153846,0.7857142857142857,False
4,0.5,11,56.879999999999995,0.6846153846153846,0.7857142857142857,False
4,0.5,12,54.035,0.676923076923077,0.7857142857142857,False
4,0.5,13,51.33,0.676923076923077,0.7857142857142857,False
4,0.5,14,48.765,0.6794871794871795,0.7857142857142857,False
4,0.5,15,46.325,0.6820512820512821,0.7857142857142857,False
4,0.5,16,44.01,0.6743589743589744,0.7857142857142857,False
4,0.5,17,41.81,0.6717948717948717,0.7857142857142857,False
4,0.5,18,39.72,0.6743589743589744,0.7857142857142857,False
4,0.5,19,37.735,0.6794871794871795,0.7857142857142857,False
4,0.5,20,35.845,0.6743589743589744,0.7857142857142857,False
4,0.5,21,34.055,0.6743589743589744,0.7857142857142857,False
4,0.5,22,32.35,0.6717948717948717,0.7857142857142857,False
4,0.5,23,30.735,0.6717948717948717,0.7857142857142857,False
4,0.5,24,29.195,0.676923076923077,0.7857142857142857,False
4,0.5,25,27.735,0.676923076923077,0.7857142857142857,False
4,0.5,26,26.35,0.676923076923077,0.7857142857142857,False
4,0.5,27,25.03,0.6743589743589744,0.7857142857142857,False
4,0.5,28,23.78,0.6794871794871795,0.7857142857142857,False
4,0.5,29,22.59,0.6871794871794872,0.7857142857142857,False
4,0.5,30,21.46,0.6871794871794872,0.7857142857142857,False
4,0.5,31,20.39,0.6897435897435897,0.7857142857142857,False
4,0.5,32,19.37,0.6897435897435897,0.7857142857142857,False
4,0.5,33,18.4,0.6871794871794872,0.7857142857142857,False
4,0.5,34,17.48,0.676923076923077,0.7857142857142857,False
4,0.5,35,16.605,0.6794871794871795,0.7857142857142857,False
4,0.5,36,15.775,0.6743589743589744,0.7857142857142857,False
4,0.5,37,14.985000000000001,0.6717948717948717,0.7857142857142857,False
4,0.5,38,14.235000000000001,0.6717948717948717,0.7857142857142857,False
4,0.5,39,13.525,0.6512820512820513,0.7857142857142857,False
4,0.5,40,12.85,0.6512820512820513,0.7857142857142857,False
4,0.5,41,12.205,0.6487179487179487,0.7857142857142857,False
4,0.5,42,11.594999999999999,0.6487179487179487,0.7857142857142857,False
4,0.5,43,11.015,0.6487179487179487,0.7857142857142857,False
4,0.5,44,10.465,0.6512820512820513,0.7857142857142857,False
4,0.5,45,9.94,0.6461538461538462,0.7857142857142857,False
4,0.5,46,9.445,0.6435897435897436,0.7857142857142857,False
4,0.5,47,8.97,0.6538461538461539,0.7857142857142857,False
4,0.5,48,8.525,0.6692307692307692,0.7857142857142857,False
4,0.5,49,8.094999999999999,0.6615384615384615,0.7857142857142857,False
4,0.5,50,7.6899999999999995,0.658974358974359,0.7857142857142857,False
4,0.5,51,7.305000000000001,0.6615384615384615,0.7857142857142857,False
4,0.5,52,6.94,0.658974358974359,0.7857142857142857,False
4,0.5,53,6.595,0.6641025641025641,0.7857142857142857,False
4,0.5,54,6.265,0.6615384615384615,0.7857142857142857,False
4,0.5,55,5.949999999999999,0.6641025641025641,0.7857142857142857,False
4,0.5,56,5.655,0.6641025641025641,0.7857142857142857,False
4,0.5,57,5.37,0.6641025641025641,0.7857142857142857,False
4,0.5,58,5.1,0.6615384615384615,0.7857142857142857,False
4,0.5,59,4.845,0.658974358974359,0.7857142857142857,False
4,0.5,60,4.605,0.658974358974359,0.7857142857142857,False
4,0.5,61,4.375,0.6435897435897436,0.7857142857142857,False
4,0.5,62,4.154999999999999,0.6538461538461539,0.7857142857142857,False
4,0.5,63,3.945,0.6538461538461539,0.7857142857142857,False
4,0.5,64,3.75,0.6461538461538462,0.7857142857142857,False
4,0.5,65,3.56,0.6512820512820513,0.7857142857142857,False
4,0.5,66,3.385,0.6435897435897436,0.7857142857142857,False
4,0.5,67,3.215,0.6461538461538462,0.7857142857142857,False
4,0.5,68,3.055,0.6384615384615384,0.7857142857142857,False
4,0.5,69,2.9000000000000004,0.6384615384615384,0.7857142857142857,False
4,0.5,70,2.7550000000000003,0.6410256410256411,0.7857142857142857,False
4,0.5,71,2.62,0.6538461538461539,0.7857142857142857,False
4,0.5,72,2.485,0.6512820512820513,0.7857142857142857,False
4,0.5,73,2.36,0.6487179487179487,0.7857142857142857,False
4,0.5,74,2.245,0.6358974358974359,0.7857142857142857,False
4,0.5,75,2.13,0.6435897435897436,0.7857142857142857,False
4,0.5,76,2.025,0.6333333333333333,0.7142857142857143,False
4,0.5,77,1.925,0.6435897435897436,0.7142857142857143,False
4,0.5,78,1.825,0.6384615384615384,0.7142857142857143,False
4,0.5,79,1.735,0.6461538461538462,0.7142857142857143,False
4,0.5,80,1.6500000000000001,0.6358974358974359,0.7142857142857143,False
4,0.5,81,1.5650000000000002,0.6384615384615384,0.7142857142857143,False
4,0.5,82,1.49,0.6256410256410256,0.7142857142857143,False
4,0.5,83,1.415,0.6333333333333333,0.7142857142857143,False
4,0.5,84,1.345,0.6282051282051282,0.7142857142857143,False
4,0.5,85,1.275,0.6435897435897436,0.7857142857142857,False
4,0.5,86,1.21,0.6307692307692307,0.7857142857142857,False
4,0.5,87,1.15,0.6384615384615384,0.7857142857142857,False
4,0.5,88,1.095,0.6256410256410256,0.7857142857142857,False
4,0.5,89,1.04,0.6435897435897436,0.7857142857142857,False
4,0.5,90,0.985,0.6461538461538462,0.7857142857142857,False
4,0.5,91,0.935,0.6487179487179487,0.7857142857142857,False
4,0.5,92,0.89,0.6564102564102564,0.7857142857142857,False
4,0.5,93,0.845,0.6666666666666666,0.7857142857142857,False
4,0.5,94,0.8049999999999999,0.6564102564102564,0.7857142857142857,False
4,0.5,95,0.765,0.6512820512820513,0.7857142857142857,False
4,0.5,96,0.7250000000000001,0.658974358974359,0.7857142857142857,False
4,0.5,97,0.69,0.6538461538461539,0.7857142857142857,False
4,0.5,98,0.655,0.6512820512820513,0.7857142857142857,False
4,0.5,99,0.62,0.6435897435897436,0.7857142857142857,False
4,0.5,100,0.59,0.6641025641025641,0.7857142857142857,False
4,0.5,101,0.5599999999999999,0.6538461538461539,0.7142857142857143,False
4,0.5,102,0.53,0.6487179487179487,0.7142857142857143,False
4,0.5,103,0.505,0.6564102564102564,0.7142857142857143,False
4,0.5,104,0.48,0.6564102564102564,0.7142857142857143,False
4,0.5,105,0.455,0.6487179487179487,0.7142857142857143,False
4,0.5,106,0.43499999999999994,0.6692307692307692,0.7142857142857143,False
4,0.5,107,0.41000000000000003,0.658974358974359,0.7142857142857143,False
4,0.5,108,0.38999999999999996,0.6641025641025641,0.7857142857142857,False
4,0.5,109,0.37,0.6666666666666666,0.7857142857142857,False
4,0.5,110,0.35000000000000003,0.658974358974359,0.7857142857142857,False
4,0.5,111,0.335,0.6512820512820513,0.7857142857142857,False
4,0.5,112,0.315,0.6487179487179487,0.7857142857142857,True
4,0.5,113,0.3,0.6564102564102564,0.7857142857142857,False
4,0.5,114,0.28500000000000003,0.6564102564102564,0.7142857142857143,False
4,0.5,115,0.27,0.6564102564102564,0.7142857142857143,False
4,0.5,116,0.26,0.6641025641025641,0.7142857142857143,False
4,0.5,117,0.245,0.676923076923077,0.7142857142857143,False
4,0.5,118,0.23500000000000001,0.6692307692307692,0.7142857142857143,False
4,0.5,119,0.22,0.676923076923077,0.7142857142857143,False
4,0.5,120,0.21,0.6717948717948717,0.7142857142857143,False
4,0.5,121,0.2,0.6897435897435897,0.7142857142857143,False
4,0.5,122,0.19,0.6846153846153846,0.7142857142857143,False
4,0.5,123,0.18,0.6897435897435897,0.7142857142857143,False
4,0.5,124,0.16999999999999998,0.7,0.7142857142857143,False
4,0.5,125,0.16,0.7051282051282052,0.7142857142857143,False
4,0.5,126,0.155,0.7025641025641025,0.7142857142857143,False
4,0.5,127,0.145,0.7,0.7142857142857143,False
4,0.5,128,0.13999999999999999,0.6923076923076923,0.7142857142857143,False
4,0.5,129,0.13,0.6923076923076923,0.7142857142857143,False
4,0.5,130,0.125,0.6974358974358974,0.7142857142857143,False
4,0.5,131,0.12,0.6923076923076923,0.7142857142857143,False
4,0.5,132,0.11,0.6923076923076923,0.7142857142857143,False
4,0.5,133,0.105,0.6948717948717948,0.7142857142857143,False
4,0.5,134,0.1,0.6948717948717948,0.7142857142857143,False
4,0.5,135,0.095,0.6923076923076923,0.7142857142857143,False
4,0.5,136,0.09,0.6846153846153846,0.7142857142857143,False
4,0.5,137,0.08499999999999999,0.7025641025641025,0.7142857142857143,False
4,0.5,138,0.08,0.6923076923076923,0.7142857142857143,False
4,0.5,139,0.075,0.6948717948717948,0.7142857142857143,False
4,0.5,140,0.06999999999999999,0.6871794871794872,0.7142857142857143,False
4,0.5,141,0.065,0.6948717948717948,0.7142857142857143,False
4,0.5,142,0.06,0.6897435897435897,0.7142857142857143,False
4,0.5,143,0.055,0.7,0.7142857142857143,False
4,0.5,144,0.05,0.7076923076923077,0.7142857142857143,False
4,0.5,145,0.045,0.7025641025641025,0.7142857142857143,False
4,1.0,0,100.0,0.6717948717948717,0.7857142857142857,False
4,1.0,1,95.0,0.676923076923077,0.7857142857142857,False
4,1.0,2,90.25,0.676923076923077,0.7857142857142857,False
4,1.0,3,85.735,0.6692307692307692,0.7857142857142857,False
4,1.0,4,81.45,0.6666666666666666,0.7857142857142857,False
4,1.0,5,77.375,0.6692307692307692,0.7857142857142857,False
4,1.0,6,73.505,0.6692307692307692,0.7857142857142857,False
4,1.0,7,69.83,0.676923076923077,0.7857142857142857,False
4,1.0,8,66.34,0.6717948717948717,0.7857142857142857,False
4,1.0,9,63.019999999999996,0.6641025641025641,0.7857142857142857,False
4,1.0,10,59.870000000000005,0.6794871794871795,0.7857142857142857,False
4,1.0,11,56.879999999999995,0.6743589743589744,0.7857142857142857,False
4,1.0,12,54.035,0.6692307692307692,0.7857142857142857,False
4,1.0,13,51.33,0.6666666666666666,0.7857142857142857,False
4,1.0,14,48.765,0.6641025641025641,0.7857142857142857,False
4,1.0,15,46.325,0.6717948717948717,0.7857142857142857,False
4,1.0,16,44.01,0.6666666666666666,0.7857142857142857,False
4,1.0,17,41.81,0.6692307692307692,0.7857142857142857,False
4,1.0,18,39.72,0.6743589743589744,0.7857142857142857,False
4,1.0,19,37.735,0.6794871794871795,0.7857142857142857,False
4,1.0,20,35.845,0.676923076923077,0.7857142857142857,False
4,1.0,21,34.055,0.6794871794871795,0.7857142857142857,False
4,1.0,22,32.35,0.6794871794871795,0.7857142857142857,False
4,1.0,23,30.735,0.6692307692307692,0.7857142857142857,False
4,1.0,24,29.195,0.6666666666666666,0.7857142857142857,False
4,1.0,25,27.735,0.6641025641025641,0.7857142857142857,False
4,1.0,26,26.35,0.6615384615384615,0.7857142857142857,False
4,1.0,27,25.03,0.6641025641025641,0.7857142857142857,False
4,1.0,28,23.78,0.6615384615384615,0.7857142857142857,False
4,1.0,29,22.59,0.6487179487179487,0.7857142857142857,False
4,1.0,30,21.46,0.6358974358974359,0.7857142857142857,False
4,1.0,31,20.39,0.6487179487179487,0.7857142857142857,False
4,1.0,32,19.37,0.6435897435897436,0.7857142857142857,False
4,1.0,33,18.4,0.6435897435897436,0.7857142857142857,False
4,1.0,34,17.48,0.6487179487179487,0.7857142857142857,False
4,1.0,35,16.605,0.6564102564102564,0.7857142857142857,False
4,1.0,36,15.775,0.6461538461538462,0.7857142857142857,False
4,1.0,37,14.985000000000001,0.6512820512820513,0.7857142857142857,False
4,1.0,38,14.235000000000001,0.6435897435897436,0.7857142857142857,False
4,1.0,39,13.525,0.6512820512820513,0.7857142857142857,False
4,1.0,40,12.85,0.658974358974359,0.7857142857142857,False
4,1.0,41,12.205,0.6615384615384615,0.7857142857142857,False
4,1.0,42,11.594999999999999,0.6487179487179487,0.7857142857142857,False
4,1.0,43,11.015,0.6487179487179487,0.7857142857142857,False
4,1.0,44,10.465,0.6410256410256411,0.7857142857142857,False
4,1.0,45,9.94,0.6461538461538462,0.7857142857142857,False
4,1.0,46,9.445,0.6512820512820513,0.7857142857142857,False
4,1.0,47,8.97,0.6410256410256411,0.7857142857142857,False
4,1.0,48,8.525,0.6358974358974359,0.7857142857142857,False
4,1.0,49,8.094999999999999,0.6435897435897436,0.7857142857142857,False
4,1.0,50,7.6899999999999995,0.6307692307692307,0.7857142857142857,False
4,1.0,51,7.305000000000001,0.6435897435897436,0.7857142857142857,False
4,1.0,52,6.94,0.6410256410256411,0.7857142857142857,False
4,1.0,53,6.595,0.6410256410256411,0.7857142857142857,False
4,1.0,54,6.265,0.6487179487179487,0.7857142857142857,False
4,1.0,55,5.949999999999999,0.6410256410256411,0.7857142857142857,False
4,1.0,56,5.655,0.6410256410256411,0.7857142857142857,False
4,1.0,57,5.37,0.6461538461538462,0.7857142857142857,False
4,1.0,58,5.1,0.6461538461538462,0.7857142857142857,False
4,1.0,59,4.845,0.6538461538461539,0.7857142857142857,False
4,1.0,60,4.605,0.6333333333333333,0.7142857142857143,False
4,1.0,61,4.375,0.6410256410256411,0.7142857142857143,False
4,1.0,62,4.154999999999999,0.6358974358974359,0.7142857142857143,False
4,1.0,63,3.945,0.6410256410256411,0.7857142857142857,False
4,1.0,64,3.75,0.6435897435897436,0.7142857142857143,False
4,1.0,65,3.56,0.6358974358974359,0.7857142857142857,False
4,1.0,66,3.385,0.6384615384615384,0.7142857142857143,False
4,1.0,67,3.215,0.6307692307692307,0.7142857142857143,False
4,1.0,68,3.055,0.6256410256410256,0.7142857142857143,False
4,1.0,69,2.9000000000000004,0.6307692307692307,0.7142857142857143,False
4,1.0,70,2.7550000000000003,0.6282051282051282,0.7142857142857143,False
4,1.0,71,2.62,0.6282051282051282,0.7142857142857143,False
4,1.0,72,2.485,0.6358974358974359,0.7142857142857143,False
4,1.0,73,2.36,0.6384615384615384,0.7142857142857143,False
4,1.0,74,2.245,0.6410256410256411,0.7142857142857143,False
4,1.0,75,2.13,0.6461538461538462,0.7142857142857143,False
4,1.0,76,2.025,0.6461538461538462,0.7142857142857143,False
4,1.0,77,1.925,0.6358974358974359,0.7142857142857143,False
4,1.0,78,1.825,0.6410256410256411,0.7142857142857143,False
4,1.0,79,1.735,0.6461538461538462,0.7142857142857143,False
4,1.0,80,1.6500000000000001,0.6358974358974359,0.7142857142857143,False
4,1.0,81,1.5650000000000002,0.6282051282051282,0.7857142857142857,False
4,1.0,82,1.49,0.6358974358974359,0.7142857142857143,False
4,1.0,83,1.415,0.6333333333333333,0.7142857142857143,False
4,1.0,84,1.345,0.6384615384615384,0.7142857142857143,False
4,1.0,85,1.275,0.6282051282051282,0.7142857142857143,False
4,1.0,86,1.21,0.6358974358974359,0.7142857142857143,False
4,1.0,87,1.15,0.6256410256410256,0.7142857142857143,False
4,1.0,88,1.095,0.6128205128205129,0.7142857142857143,False
4,1.0,89,1.04,0.6256410256410256,0.7142857142857143,False
4,1.0,90,0.985,0.6333333333333333,0.7142857142857143,False
4,1.0,91,0.935,0.6358974358974359,0.7142857142857143,False
4,1.0,92,0.89,0.6282051282051282,0.7142857142857143,False
4,1.0,93,0.845,0.6487179487179487,0.7857142857142857,False
4,1.0,94,0.8049999999999999,0.6435897435897436,0.7857142857142857,False
4,1.0,95,0.765,0.6538461538461539,0.7857142857142857,False
4,1.0,96,0.7250000000000001,0.6641025641025641,0.7857142857142857,False
4,1.0,97,0.69,0.6641025641025641,0.8571428571428572,False
4,1.0,98,0.655,0.6666666666666666,0.8571428571428572,False
4,1.0,99,0.62,0.6794871794871795,0.8571428571428572,False
4,1.0,100,0.59,0.6820512820512821,0.8571428571428572,False
4,1.0,101,0.5599999999999999,0.6641025641025641,0.8571428571428572,False
4,1.0,102,0.53,0.6743589743589744,0.8571428571428572,False
4,1.0,103,0.505,0.676923076923077,0.8571428571428572,False
4,1.0,104,0.48,0.676923076923077,0.8571428571428572,False
4,1.0,105,0.455,0.6743589743589744,0.8571428571428572,False
4,1.0,106,0.43499999999999994,0.6743589743589744,0.8571428571428572,False
4,1.0,107,0.41000000000000003,0.6717948717948717,0.8571428571428572,False
4,1.0,108,0.38999999999999996,0.6435897435897436,0.8571428571428572,False
4,1.0,109,0.37,0.6461538461538462,0.8571428571428572,False
4,1.0,110,0.35000000000000003,0.6461538461538462,0.8571428571428572,True
4,1.0,111,0.335,0.6435897435897436,0.8571428571428572,False
4,1.0,112,0.315,0.6358974358974359,0.7857142857142857,False
4,1.0,113,0.3,0.6384615384615384,0.7857142857142857,False
4,1.0,114,0.28500000000000003,0.6358974358974359,0.7857142857142857,False
4,1.0,115,0.27,0.6384615384615384,0.7857142857142857,False
4,1.0,116,0.26,0.6461538461538462,0.7857142857142857,False
4,1.0,117,0.245,0.6410256410256411,0.8571428571428572,False
4,1.0,118,0.23500000000000001,0.6205128205128205,0.7857142857142857,False
4,1.0,119,0.22,0.6205128205128205,0.7857142857142857,False
4,1.0,120,0.21,0.6,0.7857142857142857,False
4,1.0,121,0.2,0.6153846153846154,0.7857142857142857,False
4,1.0,122,0.19,0.6205128205128205,0.7857142857142857,False
4,1.0,123,0.18,0.6025641025641025,0.7857142857142857,False
4,1.0,124,0.16999999999999998,0.6128205128205129,0.7857142857142857,False
4,1.0,125,0.16,0.6230769230769231,0.7857142857142857,False
4,1.0,126,0.155,0.6282051282051282,0.7857142857142857,False
4,1.0,127,0.145,0.6256410256410256,0.7857142857142857,False
4,1.0,128,0.13999999999999999,0.6128205128205129,0.7857142857142857,False
4,1.0,129,0.13,0.6205128205128205,0.7857142857142857,False
4,1.0,130,0.125,0.6128205128205129,0.7857142857142857,False
4,1.0,131,0.12,0.6205128205128205,0.7857142857142857,False
4,1.0,132,0.11,0.6307692307692307,0.7857142857142857,False
4,1.0,133,0.105,0.6282051282051282,0.7857142857142857,False
4,1.0,134,0.1,0.6230769230769231,0.7857142857142857,False
4,1.0,135,0.095,0.6282051282051282,0.7142857142857143,False
4,1.0,136,0.09,0.6153846153846154,0.7142857142857143,False
4,1.0,137,0.08499999999999999,0.6153846153846154,0.7142857142857143,False
4,1.0,138,0.08,0.617948717948718,0.7142857142857143,False
4,1.0,139,0.075,0.6051282051282051,0.7142857142857143,False
4,1.0,140,0.06999999999999999,0.6025641025641025,0.6309523809523809,False
4,1.0,141,0.065,0.617948717948718,0.6309523809523809,False
4,1.0,142,0.06,0.6076923076923076,0.7142857142857143,False
4,1.0,143,0.055,0.5948717948717949,0.7142857142857143,False
4,1.0,144,0.05,0.6,0.7142857142857143,False
4,1.0,145,0.045,0.6230769230769231,0.7142857142857143,False
4,2.0,0,100.0,0.6717948717948717,0.7857142857142857,False
4,2.0,1,95.0,0.6692307692307692,0.7857142857142857,False
4,2.0,2,90.25,0.6717948717948717,0.7857142857142857,False
4,2.0,3,85.735,0.6743589743589744,0.7857142857142857,False
4,2.0,4,81.45,0.6692307692307692,0.7857142857142857,False
4,2.0,5,77.375,0.6692307692307692,0.7857142857142857,False
4,2.0,6,73.505,0.6794871794871795,0.7857142857142857,False
4,2.0,7,69.83,0.6743589743589744,0.7857142857142857,False
4,2.0,8,66.34,0.676923076923077,0.7857142857142857,False
4,2.0,9,63.019999999999996,0.6717948717948717,0.7857142857142857,False
4,2.0,10,59.870000000000005,0.6641025641025641,0.7857142857142857,False
4,2.0,11,56.879999999999995,0.6512820512820513,0.7857142857142857,False
4,2.0,12,54.035,0.6538461538461539,0.7023809523809523,False
4,2.0,13,51.33,0.6410256410256411,0.7023809523809523,False
4,2.0,14,48.765,0.6461538461538462,0.7023809523809523,False
4,2.0,15,46.325,0.6512820512820513,0.7023809523809523,False
4,2.0,16,44.01,0.6487179487179487,0.7023809523809523,False
4,2.0,17,41.81,0.6487179487179487,0.7023809523809523,False
4,2.0,18,39.72,0.6512820512820513,0.7023809523809523,False
4,2.0,19,37.735,0.658974358974359,0.7023809523809523,False
4,2.0,20,35.845,0.6615384615384615,0.7023809523809523,False
4,2.0,21,34.055,0.6564102564102564,0.7023809523809523,False
4,2.0,22,32.35,0.6487179487179487,0.7023809523809523,False
4,2.0,23,30.735,0.6487179487179487,0.7023809523809523,False
4,2.0,24,29.195,0.6461538461538462,0.7023809523809523,False
4,2.0,25,27.735,0.6538461538461539,0.7023809523809523,False
4,2.0,26,26.35,0.6435897435897436,0.7023809523809523,False
4,2.0,27,25.03,0.6435897435897436,0.7023809523809523,False
4,2.0,28,23.78,0.6333333333333333,0.7023809523809523,False
4,2.0,29,22.59,0.6410256410256411,0.7023809523809523,False
4,2.0,30,21.46,0.6230769230769231,0.7023809523809523,False
4,2.0,31,20.39,0.6307692307692307,0.7023809523809523,False
4,2.0,32,19.37,0.6333333333333333,0.7023809523809523,False
4,2.0,33,18.4,0.6307692307692307,0.7023809523809523,False
4,2.0,34,17.48,0.6256410256410256,0.7023809523809523,False
4,2.0,35,16.605,0.6333333333333333,0.7738095238095238,False
4,2.0,36,15.775,0.6384615384615384,0.7738095238095238,False
4,2.0,37,14.985000000000001,0.6384615384615384,0.7738095238095238,False
4,2.0,38,14.235000000000001,0.6435897435897436,0.7738095238095238,False
4,2.0,39,13.525,0.6487179487179487,0.7738095238095238,False
4,2.0,40,12.85,0.6333333333333333,0.7738095238095238,False
4,2.0,41,12.205,0.6487179487179487,0.7738095238095238,False
4,2.0,42,11.594999999999999,0.6538461538461539,0.7738095238095238,False
4,2.0,43,11.015,0.6487179487179487,0.7738095238095238,False
4,2.0,44,10.465,0.6461538461538462,0.7738095238095238,False
4,2.0,45,9.94,0.6487179487179487,0.7738095238095238,False
4,2.0,46,9.445,0.6435897435897436,0.7738095238095238,False
4,2.0,47,8.97,0.6410256410256411,0.7738095238095238,False
4,2.0,48,8.525,0.6384615384615384,0.8571428571428572,False
4,2.0,49,8.094999999999999,0.6230769230769231,0.7738095238095238,True
4,2.0,50,7.6899999999999995,0.6358974358974359,0.7738095238095238,False
4,2.0,51,7.305000000000001,0.6282051282051282,0.7738095238095238,False
4,2.0,52,6.94,0.6256410256410256,0.7738095238095238,False
4,2.0,53,6.595,0.6333333333333333,0.7738095238095238,False
4,2.0,54,6.265,0.6333333333333333,0.7738095238095238,False
4,2.0,55,5.949999999999999,0.6230769230769231,0.7738095238095238,False
4,2.0,56,5.655,0.617948717948718,0.7738095238095238,False
4,2.0,57,5.37,0.6153846153846154,0.7738095238095238,False
4,2.0,58,5.1,0.6076923076923076,0.7738095238095238,False
4,2.0,59,4.845,0.6076923076923076,0.7738095238095238,False
4,2.0,60,4.605,0.6128205128205129,0.7738095238095238,False
4,2.0,61,4.375,0.6076923076923076,0.6904761904761905,False
4,2.0,62,4.154999999999999,0.6025641025641025,0.7738095238095238,False
4,2.0,63,3.945,0.5948717948717949,0.6190476190476191,False
4,2.0,64,3.75,0.5897435897435898,0.6190476190476191,False
4,2.0,65,3.56,0.5923076923076923,0.6190476190476191,False
4,2.0,66,3.385,0.5948717948717949,0.6190476190476191,False
4,2.0,67,3.215,0.6076923076923076,0.6190476190476191,False
4,2.0,68,3.055,0.6076923076923076,0.6190476190476191,False
4,2.0,69,2.9000000000000004,0.5974358974358974,0.6190476190476191,False
4,2.0,70,2.7550000000000003,0.6051282051282051,0.6190476190476191,False
4,2.0,71,2.62,0.6025641025641025,0.6904761904761905,False
4,2.0,72,2.485,0.617948717948718,0.6904761904761905,False
4,2.0,73,2.36,0.6256410256410256,0.6904761904761905,False
4,2.0,74,2.245,0.6307692307692307,0.6904761904761905,False
4,2.0,75,2.13,0.6333333333333333,0.6904761904761905,False
4,2.0,76,2.025,0.6307692307692307,0.6904761904761905,False
4,2.0,77,1.925,0.6230769230769231,0.6904761904761905,False
4,2.0,78,1.825,0.6025641025641025,0.6904761904761905,False
4,2.0,79,1.735,0.6102564102564103,0.7738095238095238,False
4,2.0,80,1.6500000000000001,0.6102564102564103,0.6904761904761905,False
4,2.0,81,1.5650000000000002,0.617948717948718,0.6904761904761905,False
4,2.0,82,1.49,0.6256410256410256,0.7738095238095238,False
4,2.0,83,1.415,0.6282051282051282,0.6904761904761905,False
4,2.0,84,1.345,0.6282051282051282,0.7738095238095238,False
4,2.0,85,1.275,0.6256410256410256,0.6904761904761905,False
4,2.0,86,1.21,0.617948717948718,0.6190476190476191,False
4,2.0,87,1.15,0.6307692307692307,0.6190476190476191,False
4,2.0,88,1.095,0.6282051282051282,0.6190476190476191,False
4,2.0,89,1.04,0.6051282051282051,0.6190476190476191,False
4,2.0,90,0.985,0.6051282051282051,0.6190476190476191,False
4,2.0,91,0.935,0.6102564102564103,0.6190476190476191,False
4,2.0,92,0.89,0.6128205128205129,0.6190476190476191,False
4,2.0,93,0.845,0.6025641025641025,0.6190476190476191,False
4,2.0,94,0.8049999999999999,0.6102564102564103,0.6190476190476191,False
4,2.0,95,0.765,0.6051282051282051,0.6190476190476191,False
4,2.0,96,0.7250000000000001,0.6128205128205129,0.6190476190476191,False
4,2.0,97,0.69,0.6128205128205129,0.6190476190476191,False
4,2.0,98,0.655,0.6153846153846154,0.6190476190476191,False
4,2.0,99,0.62,0.6102564102564103,0.6190476190476191,False
4,2.0,100,0.59,0.6025641025641025,0.6904761904761905,False
4,2.0,101,0.5599999999999999,0.6102564102564103,0.7619047619047619,False
4,2.0,102,0.53,0.6102564102564103,0.7619047619047619,False
4,2.0,103,0.505,0.5897435897435898,0.7619047619047619,False
4,2.0,104,0.48,0.5846153846153846,0.7619047619047619,False
4,2.0,105,0.455,0.6076923076923076,0.7619047619047619,False
4,2.0,106,0.43499999999999994,0.5820512820512821,0.6666666666666666,False
4,2.0,107,0.41000000000000003,0.5794871794871795,0.6666666666666666,False
4,2.0,108,0.38999999999999996,0.5692307692307692,0.6666666666666666,False
4,2.0,109,0.37,0.5692307692307692,0.6666666666666666,False
4,2.0,110,0.35000000000000003,0.5820512820512821,0.6666666666666666,False
4,2.0,111,0.335,0.5846153846153846,0.6666666666666666,False
4,2.0,112,0.315,0.5794871794871795,0.6666666666666666,False
4,2.0,113,0.3,0.5717948717948718,0.5,False
4,2.0,114,0.28500000000000003,0.558974358974359,0.5,False
4,2.0,115,0.27,0.5769230769230769,0.5,False
4,2.0,116,0.26,0.5538461538461539,0.5,False
4,2.0,117,0.245,0.5384615384615384,0.5,False
4,2.0,118,0.23500000000000001,0.5333333333333333,0.5,False
4,2.0,119,0.22,0.5358974358974359,0.5,False
4,2.0,120,0.21,0.5384615384615384,0.5,False
4,2.0,121,0.2,0.5487179487179488,0.5,False
4,2.0,122,0.19,0.5512820512820513,0.5,False
4,2.0,123,0.18,0.541025641025641,0.5,False
4,2.0,124,0.16999999999999998,0.5333333333333333,0.5,False
4,2.0,125,0.16,0.5358974358974359,0.5,False
4,2.0,126,0.155,0.541025641025641,0.5,False
4,2.0,127,0.145,0.5153846153846153,0.5,False
4,2.0,128,0.13999999999999999,0.5076923076923077,0.5,False
4,2.0,129,0.13,0.517948717948718,0.5,False
4,2.0,130,0.125,0.5256410256410257,0.5,False
4,2.0,131,0.12,0.5256410256410257,0.5,False
4,2.0,132,0.11,0.541025641025641,0.5,False
4,2.0,133,0.105,0.5307692307692308,0.5,False
4,2.0,134,0.1,0.5435897435897435,0.5,False
4,2.0,135,0.095,0.5538461538461539,0.5,False
4,2.0,136,0.09,0.5435897435897435,0.5,False
4,2.0,137,0.08499999999999999,0.5435897435897435,0.5,False
4,2.0,138,0.08,0.5333333333333333,0.5,False
4,2.0,139,0.075,0.5230769230769231,0.5,False
4,2.0,140,0.06999999999999999,0.5384615384615384,0.5,False
4,2.0,141,0.065,0.5102564102564102,0.5,False
4,2.0,142,0.06,0.5230769230769231,0.5,False
4,2.0,143,0.055,0.5307692307692308,0.5,False
4,2.0,144,0.05,0.541025641025641,0.5,False
4,2.0,145,0.045,0.5512820512820513,0.5,False
4,5.0,0,100.0,0.6717948717948717,0.7857142857142857,False
4,5.0,1,95.0,0.6717948717948717,0.7857142857142857,False
4,5.0,2,90.25,0.6692307692307692,0.7023809523809523,False
4,5.0,3,85.735,0.6564102564102564,0.7023809523809523,False
4,5.0,4,81.45,0.658974358974359,0.7023809523809523,False
4,5.0,5,77.375,0.6487179487179487,0.7023809523809523,False
4,5.0,6,73.505,0.6487179487179487,0.7023809523809523,False
4,5.0,7,69.83,0.6538461538461539,0.7023809523809523,False
4,5.0,8,66.34,0.6461538461538462,0.7023809523809523,False
4,5.0,9,63.019999999999996,0.6564102564102564,0.7023809523809523,False
4,5.0,10,59.870000000000005,0.6307692307692307,0.7023809523809523,False
4,5.0,11,56.879999999999995,0.6358974358974359,0.7023809523809523,False
4,5.0,12,54.035,0.6410256410256411,0.7023809523809523,False
4,5.0,13,51.33,0.6333333333333333,0.7023809523809523,False
4,5.0,14,48.765,0.6230769230769231,0.7023809523809523,False
4,5.0,15,46.325,0.6435897435897436,0.7023809523809523,False
4,5.0,16,44.01,0.6333333333333333,0.7023809523809523,False
4,5.0,17,41.81,0.6230769230769231,0.7023809523809523,False
4,5.0,18,39.72,0.6230769230769231,0.7023809523809523,False
4,5.0,19,37.735,0.6128205128205129,0.7023809523809523,False
4,5.0,20,35.845,0.5923076923076923,0.7023809523809523,False
4,5.0,21,34.055,0.6102564102564103,0.7738095238095238,False
4,5.0,22,32.35,0.6102564102564103,0.7023809523809523,False
4,5.0,23,30.735,0.6153846153846154,0.7023809523809523,False
4,5.0,24,29.195,0.6102564102564103,0.7023809523809523,False
4,5.0,25,27.735,0.5923076923076923,0.7023809523809523,False
4,5.0,26,26.35,0.5897435897435898,0.7023809523809523,False
4,5.0,27,25.03,0.6076923076923076,0.7023809523809523,False
4,5.0,28,23.78,0.617948717948718,0.7023809523809523,False
4,5.0,29,22.59,0.6205128205128205,0.7023809523809523,False
4,5.0,30,21.46,0.6410256410256411,0.7023809523809523,False
4,5.0,31,20.39,0.6256410256410256,0.7023809523809523,False
4,5.0,32,19.37,0.6205128205128205,0.7023809523809523,False
4,5.0,33,18.4,0.617948717948718,0.7023809523809523,False
4,5.0,34,17.48,0.6205128205128205,0.7023809523809523,False
4,5.0,35,16.605,0.6025641025641025,0.7023809523809523,False
4,5.0,36,15.775,0.6333333333333333,0.7023809523809523,False
4,5.0,37,14.985000000000001,0.6256410256410256,0.7738095238095238,False
4,5.0,38,14.235000000000001,0.6153846153846154,0.7738095238095238,False
4,5.0,39,13.525,0.6153846153846154,0.7738095238095238,False
4,5.0,40,12.85,0.6307692307692307,0.7023809523809523,False
4,5.0,41,12.205,0.6358974358974359,0.7023809523809523,False
4,5.0,42,11.594999999999999,0.617948717948718,0.7023809523809523,False
4,5.0,43,11.015,0.6205128205128205,0.7738095238095238,False
4,5.0,44,10.465,0.6205128205128205,0.7023809523809523,False
4,5.0,45,9.94,0.6128205128205129,0.7023809523809523,False
4,5.0,46,9.445,0.6076923076923076,0.7023809523809523,False
4,5.0,47,8.97,0.6025641025641025,0.7023809523809523,False
4,5.0,48,8.525,0.6128205128205129,0.7023809523809523,False
4,5.0,49,8.094999999999999,0.6025641025641025,0.7023809523809523,False
4,5.0,50,7.6899999999999995,0.6051282051282051,0.7738095238095238,False
4,5.0,51,7.305000000000001,0.6153846153846154,0.7738095238095238,False
4,5.0,52,6.94,0.6102564102564103,0.7738095238095238,True
4,5.0,53,6.595,0.617948717948718,0.7738095238095238,False
4,5.0,54,6.265,0.6333333333333333,0.6904761904761905,False
4,5.0,55,5.949999999999999,0.6205128205128205,0.6904761904761905,False
4,5.0,56,5.655,0.6256410256410256,0.6904761904761905,False
4,5.0,57,5.37,0.6153846153846154,0.6904761904761905,False
4,5.0,58,5.1,0.6205128205128205,0.6904761904761905,False
4,5.0,59,4.845,0.6128205128205129,0.6904761904761905,False
4,5.0,60,4.605,0.6076923076923076,0.7023809523809523,False
4,5.0,61,4.375,0.6025641025641025,0.7023809523809523,False
4,5.0,62,4.154999999999999,0.6076923076923076,0.7023809523809523,False
4,5.0,63,3.945,0.6,0.7738095238095238,False
4,5.0,64,3.75,0.6051282051282051,0.7023809523809523,False
4,5.0,65,3.56,0.5923076923076923,0.7023809523809523,False
4,5.0,66,3.385,0.5820512820512821,0.7023809523809523,False
4,5.0,67,3.215,0.5897435897435898,0.7023809523809523,False
4,5.0,68,3.055,0.5974358974358974,0.7023809523809523,False
4,5.0,69,2.9000000000000004,0.6051282051282051,0.7023809523809523,False
4,5.0,70,2.7550000000000003,0.6102564102564103,0.7023809523809523,False
4,5.0,71,2.62,0.6102564102564103,0.6190476190476191,False
4,5.0,72,2.485,0.6,0.7023809523809523,False
4,5.0,73,2.36,0.6,0.6904761904761905,False
4,5.0,74,2.245,0.6,0.6904761904761905,False
4,5.0,75,2.13,0.5974358974358974,0.6904761904761905,False
4,5.0,76,2.025,0.5871794871794872,0.6785714285714286,False
4,5.0,77,1.925,0.6,0.5238095238095238,False
4,5.0,78,1.825,0.5743589743589743,0.5952380952380952,False
4,5.0,79,1.735,0.5794871794871795,0.5952380952380952,False
4,5.0,80,1.6500000000000001,0.5794871794871795,0.5952380952380952,False
4,5.0,81,1.5650000000000002,0.5717948717948718,0.5952380952380952,False
4,5.0,82,1.49,0.5769230769230769,0.6666666666666666,False
4,5.0,83,1.415,0.5743589743589743,0.6666666666666666,False
4,5.0,84,1.345,0.5820512820512821,0.6666666666666666,False
4,5.0,85,1.275,0.5820512820512821,0.6666666666666666,False
4,5.0,86,1.21,0.5820512820512821,0.5833333333333334,False
4,5.0,87,1.15,0.5769230769230769,0.5833333333333334,False
4,5.0,88,1.095,0.5743589743589743,0.5833333333333334,False
4,5.0,89,1.04,0.5615384615384615,0.5833333333333334,False
4,5.0,90,0.985,0.5512820512820513,0.5833333333333334,False
4,5.0,91,0.935,0.5692307692307692,0.5833333333333334,False
4,5.0,92,0.89,0.5615384615384615,0.5833333333333334,False
4,5.0,93,0.845,0.5794871794871795,0.5833333333333334,False
4,5.0,94,0.8049999999999999,0.5846153846153846,0.5833333333333334,False
4,5.0,95,0.765,0.5846153846153846,0.5833333333333334,False
4,5.0,96,0.7250000000000001,0.5846153846153846,0.5,False
4,5.0,97,0.69,0.5820512820512821,0.5833333333333334,False
4,5.0,98,0.655,0.5794871794871795,0.5,False
4,5.0,99,0.62,0.5538461538461539,0.5,False
4,5.0,100,0.59,0.5666666666666667,0.5,False
4,5.0,101,0.5599999999999999,0.558974358974359,0.5,False
4,5.0,102,0.53,0.5538461538461539,0.5,False
4,5.0,103,0.505,0.5538461538461539,0.5,False
4,5.0,104,0.48,0.5512820512820513,0.5,False
4,5.0,105,0.455,0.541025641025641,0.5,False
4,5.0,106,0.43499999999999994,0.5461538461538461,0.5,False
4,5.0,107,0.41000000000000003,0.5102564102564102,0.5,False
4,5.0,108,0.38999999999999996,0.5256410256410257,0.5,False
4,5.0,109,0.37,0.5205128205128206,0.5,False
4,5.0,110,0.35000000000000003,0.517948717948718,0.5,False
4,5.0,111,0.335,0.5128205128205128,0.5,False
4,5.0,112,0.315,0.5051282051282051,0.5,False
4,5.0,113,0.3,0.5205128205128206,0.5,False
4,5.0,114,0.28500000000000003,0.5205128205128206,0.5,False
4,5.0,115,0.27,0.5153846153846153,0.5,False
4,5.0,116,0.26,0.5051282051282051,0.5,False
4,5.0,117,0.245,0.5,0.5,False
4,5.0,118,0.23500000000000001,0.5076923076923077,0.5,False
4,5.0,119,0.22,0.5025641025641026,0.5,False
4,5.0,120,0.21,0.5025641025641026,0.5,False
4,5.0,121,0.2,0.4948717948717949,0.5,False
4,5.0,122,0.19,0.4948717948717949,0.5,False
4,5.0,123,0.18,0.49230769230769234,0.5,False
4,5.0,124,0.16999999999999998,0.48717948717948717,0.5,False
4,5.0,125,0.16,0.49743589743589745,0.5,False
4,5.0,126,0.155,0.48717948717948717,0.5,False
4,5.0,127,0.145,0.5,0.5,False
4,5.0,128,0.13999999999999999,0.5,0.5,False
4,5.0,129,0.13,0.49743589743589745,0.5,False
4,5.0,130,0.125,0.5,0.5,False
4,5.0,131,0.12,0.5025641025641026,0.5,False
4,5.0,132,0.11,0.5358974358974359,0.5,False
4,5.0,133,0.105,0.5384615384615384,0.5,False
4,5.0,134,0.1,0.5358974358974359,0.5,False
4,5.0,135,0.095,0.541025641025641,0.5,False
4,5.0,136,0.09,0.5358974358974359,0.5,False
4,5.0,137,0.08499999999999999,0.5256410256410257,0.5,False
4,5.0,138,0.08,0.5282051282051282,0.5,False
4,5.0,139,0.075,0.5102564102564102,0.5,False
4,5.0,140,0.06999999999999999,0.5205128205128206,0.5,False
4,5.0,141,0.065,0.517948717948718,0.5,False
4,5.0,142,0.06,0.5307692307692308,0.5,False
4,5.0,143,0.055,0.517948717948718,0.5,False
4,5.0,144,0.05,0.5256410256410257,0.5,False
4,5.0,145,0.045,0.5282051282051282,0.5,False
5,0.0,0,100.0,0.8205128205128205,0.9,False
5,0.0,1,95.0,0.823076923076923,0.9,False
5,0.0,2,90.25,0.8205128205128205,0.9,False
5,0.0,3,85.735,0.8205128205128205,0.9,False
5,0.0,4,81.45,0.8179487179487179,0.9,False
5,0.0,5,77.375,0.8205128205128205,0.9,False
5,0.0,6,73.505,0.8179487179487179,0.9,False
5,0.0,7,69.83,0.8205128205128205,0.9,False
5,0.0,8,66.34,0.8128205128205128,0.9,False
5,0.0,9,63.019999999999996,0.8102564102564103,0.9,False
5,0.0,10,59.870000000000005,0.8179487179487179,0.9,False
5,0.0,11,56.879999999999995,0.8179487179487179,0.9,False
5,0.0,12,54.035,0.8128205128205128,0.9,False
5,0.0,13,51.33,0.8128205128205128,0.9,False
5,0.0,14,48.765,0.8102564102564103,0.9,False
5,0.0,15,46.325,0.8153846153846154,0.9,False
5,0.0,16,44.01,0.8179487179487179,0.9,False
5,0.0,17,41.81,0.8076923076923077,0.9,False
5,0.0,18,39.72,0.8102564102564103,0.9,False
5,0.0,19,37.735,0.8051282051282052,0.9,False
5,0.0,20,35.845,0.8025641025641026,0.9,False
5,0.0,21,34.055,0.8076923076923077,0.9,False
5,0.0,22,32.35,0.8051282051282052,0.9,False
5,0.0,23,30.735,0.8076923076923077,0.9,False
5,0.0,24,29.195,0.8153846153846154,0.9,False
5,0.0,25,27.735,0.8025641025641026,0.9,False
5,0.0,26,26.35,0.8076923076923077,0.9,False
5,0.0,27,25.03,0.8051282051282052,0.9,False
5,0.0,28,23.78,0.7948717948717948,0.9,False
5,0.0,29,22.59,0.7923076923076923,0.9,False
5,0.0,30,21.46,0.7923076923076923,0.9,False
5,0.0,31,20.39,0.7974358974358975,0.9,False
5,0.0,32,19.37,0.8,0.9,False
5,0.0,33,18.4,0.8102564102564103,0.9,False
5,0.0,34,17.48,0.7948717948717948,0.9,False
5,0.0,35,16.605,0.8,0.9,False
5,0.0,36,15.775,0.7948717948717948,0.9,False
5,0.0,37,14.985000000000001,0.8051282051282052,0.9,False
5,0.0,38,14.235000000000001,0.8102564102564103,0.9,False
5,0.0,39,13.525,0.8179487179487179,0.9,False
5,0.0,40,12.85,0.8128205128205128,0.9,False
5,0.0,41,12.205,0.8179487179487179,0.9,False
5,0.0,42,11.594999999999999,0.8076923076923077,0.9,False
5,0.0,43,11.015,0.8051282051282052,0.9,False
5,0.0,44,10.465,0.8153846153846154,0.9,False
5,0.0,45,9.94,0.8,0.9,False
5,0.0,46,9.445,0.8076923076923077,0.9,False
5,0.0,47,8.97,0.8102564102564103,0.9,False
5,0.0,48,8.525,0.8076923076923077,0.9,False
5,0.0,49,8.094999999999999,0.8025641025641026,0.9,False
5,0.0,50,7.6899999999999995,0.8025641025641026,0.9,False
5,0.0,51,7.305000000000001,0.8076923076923077,0.9,False
5,0.0,52,6.94,0.8025641025641026,0.9,False
5,0.0,53,6.595,0.7974358974358975,0.9,False
5,0.0,54,6.265,0.7974358974358975,0.9,False
5,0.0,55,5.949999999999999,0.7974358974358975,0.9,False
5,0.0,56,5.655,0.7923076923076923,0.9,False
5,0.0,57,5.37,0.7974358974358975,0.9,False
5,0.0,58,5.1,0.8025641025641026,0.9,False
5,0.0,59,4.845,0.7974358974358975,0.9,False
5,0.0,60,4.605,0.7897435897435897,0.9,False
5,0.0,61,4.375,0.7948717948717948,0.9,False
5,0.0,62,4.154999999999999,0.7923076923076923,0.9,False
5,0.0,63,3.945,0.8,0.8,False
5,0.0,64,3.75,0.7974358974358975,0.9,False
5,0.0,65,3.56,0.8051282051282052,0.9,False
5,0.0,66,3.385,0.8153846153846154,0.9,False
5,0.0,67,3.215,0.8205128205128205,0.9,False
5,0.0,68,3.055,0.823076923076923,0.9,False
5,0.0,69,2.9000000000000004,0.8153846153846154,0.8,False
5,0.0,70,2.7550000000000003,0.8153846153846154,0.8,False
5,0.0,71,2.62,0.8205128205128205,0.8,False
5,0.0,72,2.485,0.8179487179487179,0.8,False
5,0.0,73,2.36,0.823076923076923,0.8,False
5,0.0,74,2.245,0.823076923076923,0.8,False
5,0.0,75,2.13,0.8179487179487179,0.8,False
5,0.0,76,2.025,0.8256410256410256,0.8,False
5,0.0,77,1.925,0.8333333333333334,0.8,False
5,0.0,78,1.825,0.8282051282051283,0.8,False
5,0.0,79,1.735,0.8205128205128205,0.8,False
5,0.0,80,1.6500000000000001,0.8153846153846154,0.8,False
5,0.0,81,1.5650000000000002,0.8128205128205128,0.8,False
5,0.0,82,1.49,0.8179487179487179,0.8,False
5,0.0,83,1.415,0.8179487179487179,0.8,False
5,0.0,84,1.345,0.8282051282051283,0.8,False
5,0.0,85,1.275,0.8384615384615385,0.8,False
5,0.0,86,1.21,0.8461538461538461,0.8,False
5,0.0,87,1.15,0.8487179487179487,0.8,False
5,0.0,88,1.095,0.8487179487179487,0.8,False
5,0.0,89,1.04,0.8564102564102564,1.0,False
5,0.0,90,0.985,0.8538461538461538,1.0,False
5,0.0,91,0.935,0.8538461538461538,1.0,False
5,0.0,92,0.89,0.8564102564102564,1.0,False
5,0.0,93,0.845,0.8589743589743589,1.0,False
5,0.0,94,0.8049999999999999,0.8615384615384616,1.0,False
5,0.0,95,0.765,0.8487179487179487,0.9,False
5,0.0,96,0.7250000000000001,0.8538461538461538,0.9,False
5,0.0,97,0.69,0.8615384615384616,0.9,False
5,0.0,98,0.655,0.8487179487179487,0.9,False
5,0.0,99,0.62,0.8512820512820513,0.8,False
5,0.0,100,0.59,0.8641025641025641,0.8,False
5,0.0,101,0.5599999999999999,0.8641025641025641,0.8,False
5,0.0,102,0.53,0.8589743589743589,0.8,False
5,0.0,103,0.505,0.8666666666666667,0.8,False
5,0.0,104,0.48,0.8794871794871795,0.8,False
5,0.0,105,0.455,0.8794871794871795,0.9,False
5,0.0,106,0.43499999999999994,0.882051282051282,1.0,False
5,0.0,107,0.41000000000000003,0.882051282051282,1.0,False
5,0.0,108,0.38999999999999996,0.8948717948717949,1.0,False
5,0.0,109,0.37,0.8923076923076924,1.0,False
5,0.0,110,0.35000000000000003,0.9,1.0,False
5,0.0,111,0.335,0.882051282051282,1.0,False
5,0.0,112,0.315,0.8923076923076924,1.0,False
5,0.0,113,0.3,0.8923076923076924,1.0,False
5,0.0,114,0.28500000000000003,0.9076923076923077,1.0,True
5,0.0,115,0.27,0.9,1.0,False
5,0.0,116,0.26,0.9051282051282051,0.9,False
5,0.0,117,0.245,0.9051282051282051,0.9,False
5,0.0,118,0.23500000000000001,0.9128205128205128,0.9,False
5,0.0,119,0.22,0.9102564102564102,1.0,False
5,0.0,120,0.21,0.9128205128205128,1.0,False
5,0.0,121,0.2,0.9128205128205128,0.9,False
5,0.0,122,0.19,0.9025641025641026,0.9,False
5,0.0,123,0.18,0.9,0.8,False
5,0.0,124,0.16999999999999998,0.9051282051282051,0.9,False
5,0.0,125,0.16,0.9051282051282051,1.0,False
5,0.0,126,0.155,0.8974358974358975,0.8,False
5,0.0,127,0.145,0.9025641025641026,0.9,False
5,0.0,128,0.13999999999999999,0.9051282051282051,0.9,False
5,0.0,129,0.13,0.8846153846153846,0.7,False
5,0.0,130,0.125,0.8743589743589744,0.8,False
5,0.0,131,0.12,0.8692307692307693,0.7,False
5,0.0,132,0.11,0.8666666666666667,0.7,False
5,0.0,133,0.105,0.8615384615384616,0.7,False
5,0.0,134,0.1,0.8717948717948718,0.7,False
5,0.0,135,0.095,0.882051282051282,0.7,False
5,0.0,136,0.09,0.8769230769230769,0.7,False
5,0.0,137,0.08499999999999999,0.8589743589743589,0.7,False
5,0.0,138,0.08,0.8717948717948718,0.8,False
5,0.0,139,0.075,0.8743589743589744,0.8,False
5,0.0,140,0.06999999999999999,0.8692307692307693,0.8,False
5,0.0,141,0.065,0.8641025641025641,0.8,False
5,0.0,142,0.06,0.8435897435897436,0.8,False
5,0.0,143,0.055,0.8435897435897436,0.8,False
5,0.0,144,0.05,0.8512820512820513,0.8,False
5,0.0,145,0.045,0.8717948717948718,0.9,False
5,0.5,0,100.0,0.8205128205128205,0.9,False
5,0.5,1,95.0,0.8153846153846154,0.9,False
5,0.5,2,90.25,0.8102564102564103,0.9,False
5,0.5,3,85.735,0.8076923076923077,0.9,False
5,0.5,4,81.45,0.8076923076923077,0.9,False
5,0.5,5,77.375,0.8025641025641026,0.9,False
5,0.5,6,73.505,0.8051282051282052,0.9,False
5,0.5,7,69.83,0.8051282051282052,0.9,False
5,0.5,8,66.34,0.8051282051282052,0.9,False
5,0.5,9,63.019999999999996,0.8102564102564103,0.9,False
5,0.5,10,59.870000000000005,0.8076923076923077,0.9,False
5,0.5,11,56.879999999999995,0.8025641025641026,0.9,False
5,0.5,12,54.035,0.8051282051282052,0.9,False
5,0.5,13,51.33,0.8076923076923077,0.9,False
5,0.5,14,48.765,0.8128205128205128,0.9,False
5,0.5,15,46.325,0.8102564102564103,0.9,False
5,0.5,16,44.01,0.8076923076923077,0.9,False
5,0.5,17,41.81,0.8102564102564103,0.9,False
5,0.5,18,39.72,0.8076923076923077,0.9,False
5,0.5,19,37.735,0.8025641025641026,0.9,False
5,0.5,20,35.845,0.8025641025641026,0.9,False
5,0.5,21,34.055,0.8076923076923077,0.9,False
5,0.5,22,32.35,0.8025641025641026,0.9,False
5,0.5,23,30.735,0.8025641025641026,0.9,False
5,0.5,24,29.195,0.8025641025641026,0.9,False
5,0.5,25,27.735,0.7974358974358975,0.9,False
5,0.5,26,26.35,0.7923076923076923,0.9,False
5,0.5,27,25.03,0.8025641025641026,0.9,False
5,0.5,28,23.78,0.8,0.9,False
5,0.5,29,22.59,0.7948717948717948,0.8,False
5,0.5,30,21.46,0.7871794871794872,0.9,False
5,0.5,31,20.39,0.8025641025641026,0.9,False
5,0.5,32,19.37,0.8,0.9,False
5,0.5,33,18.4,0.8051282051282052,0.9,False
5,0.5,34,17.48,0.7897435897435897,0.9,False
5,0.5,35,16.605,0.7974358974358975,0.9,False
5,0.5,36,15.775,0.8051282051282052,0.9,False
5,0.5,37,14.985000000000001,0.8025641025641026,0.9,False
5,0.5,38,14.235000000000001,0.8051282051282052,0.9,False
5,0.5,39,13.525,0.8025641025641026,0.9,False
5,0.5,40,12.85,0.8076923076923077,0.9,False
5,0.5,41,12.205,0.8,0.9,False
5,0.5,42,11.594999999999999,0.8179487179487179,0.9,False
5,0.5,43,11.015,0.8153846153846154,0.9,False
5,0.5,44,10.465,0.8076923076923077,0.9,False
5,0.5,45,9.94,0.8153846153846154,0.9,False
5,0.5,46,9.445,0.8025641025641026,0.8,False
5,0.5,47,8.97,0.7974358974358975,0.9,False
5,0.5,48,8.525,0.8051282051282052,0.8,False
5,0.5,49,8.094999999999999,0.8025641025641026,0.8,False
5,0.5,50,7.6899999999999995,0.8102564102564103,0.8,False
5,0.5,51,7.305000000000001,0.8,0.9,False
5,0.5,52,6.94,0.8025641025641026,0.9,False
5,0.5,53,6.595,0.7974358974358975,0.9,False
5,0.5,54,6.265,0.7923076923076923,0.9,False
5,0.5,55,5.949999999999999,0.7948717948717948,0.9,False
5,0.5,56,5.655,0.8,0.9,False
5,0.5,57,5.37,0.7846153846153846,0.9,False
5,0.5,58,5.1,0.8051282051282052,0.9,False
5,0.5,59,4.845,0.8102564102564103,0.9,False
5,0.5,60,4.605,0.8128205128205128,0.9,False
5,0.5,61,4.375,0.7974358974358975,0.9,False
5,0.5,62,4.154999999999999,0.8,0.9,False
5,0.5,63,3.945,0.8025641025641026,0.9,False
5,0.5,64,3.75,0.8102564102564103,0.9,False
5,0.5,65,3.56,0.7974358974358975,0.9,False
5,0.5,66,3.385,0.7846153846153846,0.9,False
5,0.5,67,3.215,0.8,0.9,False
5,0.5,68,3.055,0.7974358974358975,0.8,False
5,0.5,69,2.9000000000000004,0.8,0.8,False
5,0.5,70,2.7550000000000003,0.8,0.8,False
5,0.5,71,2.62,0.7923076923076923,0.8,False
5,0.5,72,2.485,0.8051282051282052,0.8,False
5,0.5,73,2.36,0.8102564102564103,0.8,False
5,0.5,74,2.245,0.8076923076923077,0.8,False
5,0.5,75,2.13,0.8076923076923077,0.8,False
5,0.5,76,2.025,0.8076923076923077,0.7,False
5,0.5,77,1.925,0.7974358974358975,0.7,False
5,0.5,78,1.825,0.8102564102564103,0.7,False
5,0.5,79,1.735,0.8076923076923077,0.7,False
5,0.5,80,1.6500000000000001,0.7897435897435897,0.8,False
5,0.5,81,1.5650000000000002,0.7923076923076923,0.8,False
5,0.5,82,1.49,0.8,0.8,False
5,0.5,83,1.415,0.8076923076923077,0.8,False
5,0.5,84,1.345,0.7948717948717948,0.8,False
5,0.5,85,1.275,0.8,0.8,False
5,0.5,86,1.21,0.8076923076923077,0.8,False
5,0.5,87,1.15,0.8076923076923077,0.8,False
5,0.5,88,1.095,0.8153846153846154,0.8,False
5,0.5,89,1.04,0.8076923076923077,0.8,False
5,0.5,90,0.985,0.8076923076923077,0.9,False
5,0.5,91,0.935,0.8,0.9,False
5,0.5,92,0.89,0.8,0.9,False
5,0.5,93,0.845,0.8025641025641026,0.9,False
5,0.5,94,0.8049999999999999,0.7974358974358975,0.9,False
5,0.5,95,0.765,0.7948717948717948,0.9,False
5,0.5,96,0.7250000000000001,0.8153846153846154,0.9,False
5,0.5,97,0.69,0.8025641025641026,0.9,False
5,0.5,98,0.655,0.8,0.9,False
5,0.5,99,0.62,0.8025641025641026,0.9,False
5,0.5,100,0.59,0.8153846153846154,0.9,False
5,0.5,101,0.5599999999999999,0.8128205128205128,0.9,False
5,0.5,102,0.53,0.8179487179487179,0.9,False
5,0.5,103,0.505,0.823076923076923,0.9,False
5,0.5,104,0.48,0.8128205128205128,0.9,False
5,0.5,105,0.455,0.8153846153846154,0.9,False
5,0.5,106,0.43499999999999994,0.8256410256410256,0.9,False
5,0.5,107,0.41000000000000003,0.8179487179487179,0.9,False
5,0.5,108,0.38999999999999996,0.823076923076923,0.9,False
5,0.5,109,0.37,0.8179487179487179,0.9,False
5,0.5,110,0.35000000000000003,0.8256410256410256,0.9,False
5,0.5,111,0.335,0.8282051282051283,0.9,False
5,0.5,112,0.315,0.8461538461538461,0.9,False
5,0.5,113,0.3,0.841025641025641,0.9,False
5,0.5,114,0.28500000000000003,0.8307692307692308,0.9,False
5,0.5,115,0.27,0.8333333333333334,0.9,False
5,0.5,116,0.26,0.841025641025641,0.9,False
5,0.5,117,0.245,0.8358974358974359,0.8,False
5,0.5,118,0.23500000000000001,0.8282051282051283,0.8,False
5,0.5,119,0.22,0.8384615384615385,0.8,False
5,0.5,120,0.21,0.841025641025641,0.9,False
5,0.5,121,0.2,0.8512820512820513,0.8,False
5,0.5,122,0.19,0.8641025641025641,0.8,False
5,0.5,123,0.18,0.8615384615384616,0.8,False
5,0.5,124,0.16999999999999998,0.8666666666666667,0.8,False
5,0.5,125,0.16,0.8615384615384616,0.9,False
5,0.5,126,0.155,0.8692307692307693,0.9,True
5,0.5,127,0.145,0.8641025641025641,0.9,False
5,0.5,128,0.13999999999999999,0.8487179487179487,0.8,False
5,0.5,129,0.13,0.8512820512820513,0.8,False
5,0.5,130,0.125,0.8564102564102564,0.8,False
5,0.5,131,0.12,0.8435897435897436,0.8,False
5,0.5,132,0.11,0.8435897435897436,0.8,False
5,0.5,133,0.105,0.8487179487179487,0.8,False
5,0.5,134,0.1,0.8538461538461538,0.8,False
5,0.5,135,0.095,0.8512820512820513,0.8,False
5,0.5,136,0.09,0.8487179487179487,0.8,False
5,0.5,137,0.08499999999999999,0.8615384615384616,0.8,False
5,0.5,138,0.08,0.8589743589743589,0.8,False
5,0.5,139,0.075,0.8564102564102564,0.8,False
5,0.5,140,0.06999999999999999,0.8487179487179487,0.8,False
5,0.5,141,0.065,0.8512820512820513,0.8,False
5,0.5,142,0.06,0.8589743589743589,0.8,False
5,0.5,143,0.055,0.8538461538461538,0.8,False
5,0.5,144,0.05,0.8564102564102564,0.8,False
5,0.5,145,0.045,0.8358974358974359,0.8,False
5,1.0,0,100.0,0.8205128205128205,0.9,False
5,1.0,1,95.0,0.8102564102564103,0.9,False
5,1.0,2,90.25,0.8102564102564103,0.9,False
5,1.0,3,85.735,0.8025641025641026,0.9,False
5,1.0,4,81.45,0.8051282051282052,0.9,False
5,1.0,5,77.375,0.8,0.9,False
5,1.0,6,73.505,0.8025641025641026,0.9,False
5,1.0,7,69.83,0.8025641025641026,0.9,False
5,1.0,8,66.34,0.7974358974358975,0.9,False
5,1.0,9,63.019999999999996,0.7974358974358975,0.9,False
5,1.0,10,59.870000000000005,0.8025641025641026,0.9,False
5,1.0,11,56.879999999999995,0.7974358974358975,0.9,False
5,1.0,12,54.035,0.8025641025641026,0.9,False
5,1.0,13,51.33,0.8102564102564103,0.9,False
5,1.0,14,48.765,0.8,0.9,False
5,1.0,15,46.325,0.7948717948717948,0.9,False
5,1.0,16,44.01,0.7923076923076923,0.9,False
5,1.0,17,41.81,0.7897435897435897,0.9,False
5,1.0,18,39.72,0.7948717948717948,0.9,False
5,1.0,19,37.735,0.7948717948717948,0.9,False
5,1.0,20,35.845,0.8025641025641026,0.9,False
5,1.0,21,34.055,0.8102564102564103,0.9,False
5,1.0,22,32.35,0.8102564102564103,0.9,False
5,1.0,23,30.735,0.8102564102564103,0.9,False
5,1.0,24,29.195,0.8076923076923077,0.9,False
5,1.0,25,27.735,0.8051282051282052,0.9,False
5,1.0,26,26.35,0.8076923076923077,0.9,False
5,1.0,27,25.03,0.7948717948717948,0.9,False
5,1.0,28,23.78,0.7948717948717948,0.9,False
5,1.0,29,22.59,0.8051282051282052,0.9,False
5,1.0,30,21.46,0.8025641025641026,0.9,False
5,1.0,31,20.39,0.8025641025641026,0.9,False
5,1.0,32,19.37,0.8,0.9,False
5,1.0,33,18.4,0.8051282051282052,0.9,False
5,1.0,34,17.48,0.8025641025641026,0.9,False
5,1.0,35,16.605,0.782051282051282,0.9,False
5,1.0,36,15.775,0.7948717948717948,0.9,False
5,1.0,37,14.985000000000001,0.8,0.9,False
5,1.0,38,14.235000000000001,0.8025641025641026,0.9,False
5,1.0,39,13.525,0.8102564102564103,0.9,False
5,1.0,40,12.85,0.8,0.9,False
5,1.0,41,12.205,0.8051282051282052,0.9,False
5,1.0,42,11.594999999999999,0.8076923076923077,0.9,False
5,1.0,43,11.015,0.8102564102564103,0.9,False
5,1.0,44,10.465,0.8076923076923077,0.9,False
5,1.0,45,9.94,0.8,0.9,False
5,1.0,46,9.445,0.7897435897435897,0.9,False
5,1.0,47,8.97,0.782051282051282,0.9,False
5,1.0,48,8.525,0.7897435897435897,0.9,False
5,1.0,49,8.094999999999999,0.782051282051282,0.9,False
5,1.0,50,7.6899999999999995,0.7743589743589744,0.9,False
5,1.0,51,7.305000000000001,0.7743589743589744,0.9,False
5,1.0,52,6.94,0.764102564102564,0.9,False
5,1.0,53,6.595,0.7615384615384615,0.9,False
5,1.0,54,6.265,0.7615384615384615,0.9,False
5,1.0,55,5.949999999999999,0.7743589743589744,0.9,False
5,1.0,56,5.655,0.782051282051282,0.9,False
5,1.0,57,5.37,0.7743589743589744,0.9,False
5,1.0,58,5.1,0.7743589743589744,0.9,False
5,1.0,59,4.845,0.7743589743589744,0.9,False
5,1.0,60,4.605,0.7717948717948718,0.9,False
5,1.0,61,4.375,0.7717948717948718,0.9,False
5,1.0,62,4.154999999999999,0.782051282051282,0.9,False
5,1.0,63,3.945,0.7794871794871795,0.9,False
5,1.0,64,3.75,0.7974358974358975,0.9,False
5,1.0,65,3.56,0.7923076923076923,0.9,False
5,1.0,66,3.385,0.7846153846153846,0.9,False
5,1.0,67,3.215,0.782051282051282,0.9,False
5,1.0,68,3.055,0.7769230769230769,0.9,False
5,1.0,69,2.9000000000000004,0.7743589743589744,0.9,False
5,1.0,70,2.7550000000000003,0.7948717948717948,0.9,False
5,1.0,71,2.62,0.7769230769230769,0.8,False
5,1.0,72,2.485,0.782051282051282,0.8,False
5,1.0,73,2.36,0.7666666666666667,0.8,False
5,1.0,74,2.245,0.7794871794871795,0.8,False
5,1.0,75,2.13,0.7846153846153846,0.8,False
5,1.0,76,2.025,0.7743589743589744,0.8,False
5,1.0,77,1.925,0.7743589743589744,0.8,False
5,1.0,78,1.825,0.7666666666666667,0.9,False
5,1.0,79,1.735,0.7769230769230769,0.9,False
5,1.0,80,1.6500000000000001,0.764102564102564,0.9,False
5,1.0,81,1.5650000000000002,0.764102564102564,0.9,False
5,1.0,82,1.49,0.7384615384615385,0.9,False
5,1.0,83,1.415,0.7487179487179487,0.9,False
5,1.0,84,1.345,0.7512820512820513,0.9,False
5,1.0,85,1.275,0.7487179487179487,0.8,False
5,1.0,86,1.21,0.7307692307692307,0.8,False
5,1.0,87,1.15,0.7410256410256411,0.8,False
5,1.0,88,1.095,0.7538461538461538,0.8,False
5,1.0,89,1.04,0.7564102564102564,0.8,False
5,1.0,90,0.985,0.7666666666666667,0.9,False
5,1.0,91,0.935,0.7743589743589744,0.9,False
5,1.0,92,0.89,0.7615384615384615,0.9,False
5,1.0,93,0.845,0.7666666666666667,0.9,False
5,1.0,94,0.8049999999999999,0.7666666666666667,0.8,False
5,1.0,95,0.765,0.7666666666666667,0.8,False
5,1.0,96,0.7250000000000001,0.7692307692307693,0.8,False
5,1.0,97,0.69,0.7717948717948718,0.9,False
5,1.0,98,0.655,0.782051282051282,0.9,False
5,1.0,99,0.62,0.7717948717948718,0.9,False
5,1.0,100,0.59,0.7846153846153846,0.9,False
5,1.0,101,0.5599999999999999,0.7871794871794872,0.8,False
5,1.0,102,0.53,0.7717948717948718,0.8,False
5,1.0,103,0.505,0.7666666666666667,0.8,False
5,1.0,104,0.48,0.7743589743589744,0.8,False
5,1.0,105,0.455,0.7717948717948718,0.8,False
5,1.0,106,0.43499999999999994,0.7846153846153846,0.8,False
5,1.0,107,0.41000000000000003,0.7743589743589744,0.8,False
5,1.0,108,0.38999999999999996,0.7794871794871795,0.8,False
5,1.0,109,0.37,0.7846153846153846,0.8,False
5,1.0,110,0.35000000000000003,0.7948717948717948,0.9,False
5,1.0,111,0.335,0.7948717948717948,0.9,False
5,1.0,112,0.315,0.7871794871794872,0.9,False
5,1.0,113,0.3,0.8025641025641026,0.9,True
5,1.0,114,0.28500000000000003,0.7923076923076923,0.9,False
5,1.0,115,0.27,0.7948717948717948,0.8,False
5,1.0,116,0.26,0.7871794871794872,0.8,False
5,1.0,117,0.245,0.7948717948717948,0.8,False
5,1.0,118,0.23500000000000001,0.7717948717948718,0.8,False
5,1.0,119,0.22,0.7717948717948718,0.8,False
5,1.0,120,0.21,0.7743589743589744,0.8,False
5,1.0,121,0.2,0.7717948717948718,0.8,False
5,1.0,122,0.19,0.7948717948717948,0.8,False
5,1.0,123,0.18,0.7948717948717948,0.8,False
5,1.0,124,0.16999999999999998,0.7769230769230769,0.8,False
5,1.0,125,0.16,0.782051282051282,0.8,False
5,1.0,126,0.155,0.7794871794871795,0.8,False
5,1.0,127,0.145,0.7871794871794872,0.8,False
5,1.0,128,0.13999999999999999,0.7948717948717948,0.8,False
5,1.0,129,0.13,0.7897435897435897,0.8,False
5,1.0,130,0.125,0.7897435897435897,0.8,False
5,1.0,131,0.12,0.7948717948717948,0.8,False
5,1.0,132,0.11,0.7948717948717948,0.8,False
5,1.0,133,0.105,0.7666666666666667,0.7,False
5,1.0,134,0.1,0.7615384615384615,0.7,False
5,1.0,135,0.095,0.7538461538461538,0.8,False
5,1.0,136,0.09,0.7692307692307693,0.8,False
5,1.0,137,0.08499999999999999,0.7743589743589744,0.8,False
5,1.0,138,0.08,0.7743589743589744,0.8,False
5,1.0,139,0.075,0.7769230769230769,0.8,False
5,1.0,140,0.06999999999999999,0.7692307692307693,0.8,False
5,1.0,141,0.065,0.7794871794871795,0.8,False
5,1.0,142,0.06,0.7743589743589744,0.8,False
5,1.0,143,0.055,0.7769230769230769,0.8,False
5,1.0,144,0.05,0.7948717948717948,0.8,False
5,1.0,145,0.045,0.8025641025641026,0.8,False
5,2.0,0,100.0,0.8205128205128205,0.9,False
5,2.0,1,95.0,0.8128205128205128,0.9,False
5,2.0,2,90.25,0.8128205128205128,0.9,False
5,2.0,3,85.735,0.8,0.9,False
5,2.0,4,81.45,0.8076923076923077,0.9,False
5,2.0,5,77.375,0.7948717948717948,0.9,False
5,2.0,6,73.505,0.7871794871794872,0.9,False
5,2.0,7,69.83,0.7923076923076923,0.9,False
5,2.0,8,66.34,0.782051282051282,0.9,False
5,2.0,9,63.019999999999996,0.7846153846153846,0.9,False
5,2.0,10,59.870000000000005,0.782051282051282,0.9,False
5,2.0,11,56.879999999999995,0.7948717948717948,0.9,False
5,2.0,12,54.035,0.7923076923076923,0.9,False
5,2.0,13,51.33,0.7974358974358975,0.9,False
5,2.0,14,48.765,0.7871794871794872,0.9,False
5,2.0,15,46.325,0.782051282051282,0.9,False
5,2.0,16,44.01,0.782051282051282,0.9,False
5,2.0,17,41.81,0.7666666666666667,0.9,False
5,2.0,18,39.72,0.7692307692307693,0.9,False
5,2.0,19,37.735,0.7692307692307693,0.9,False
5,2.0,20,35.845,0.7615384615384615,0.9,False
5,2.0,21,34.055,0.7487179487179487,0.9,False
5,2.0,22,32.35,0.7538461538461538,0.8,False
5,2.0,23,30.735,0.7564102564102564,0.8,False
5,2.0,24,29.195,0.7589743589743589,0.8,False
5,2.0,25,27.735,0.7512820512820513,0.7,False
5,2.0,26,26.35,0.7435897435897436,0.7,False
5,2.0,27,25.03,0.7487179487179487,0.7,False
5,2.0,28,23.78,0.7589743589743589,0.7,False
5,2.0,29,22.59,0.7512820512820513,0.7,False
5,2.0,30,21.46,0.7435897435897436,0.7,False
5,2.0,31,20.39,0.7461538461538462,0.8,False
5,2.0,32,19.37,0.7487179487179487,0.8,False
5,2.0,33,18.4,0.7461538461538462,0.8,False
5,2.0,34,17.48,0.7333333333333333,0.7,False
5,2.0,35,16.605,0.7256410256410256,0.7,False
5,2.0,36,15.775,0.7282051282051282,0.7,False
5,2.0,37,14.985000000000001,0.7307692307692307,0.7,False
5,2.0,38,14.235000000000001,0.7307692307692307,0.7,False
5,2.0,39,13.525,0.7333333333333333,0.8,False
5,2.0,40,12.85,0.7307692307692307,0.7,False
5,2.0,41,12.205,0.7282051282051282,0.7,False
5,2.0,42,11.594999999999999,0.7410256410256411,0.8,False
5,2.0,43,11.015,0.7589743589743589,0.8,False
5,2.0,44,10.465,0.7487179487179487,0.8,False
5,2.0,45,9.94,0.7512820512820513,0.8,False
5,2.0,46,9.445,0.7435897435897436,0.8,False
5,2.0,47,8.97,0.7410256410256411,0.8,False
5,2.0,48,8.525,0.7487179487179487,0.8,False
5,2.0,49,8.094999999999999,0.7435897435897436,0.9,False
5,2.0,50,7.6899999999999995,0.7512820512820513,0.9,False
5,2.0,51,7.305000000000001,0.7512820512820513,0.9,False
5,2.0,52,6.94,0.7615384615384615,0.9,False
5,2.0,53,6.595,0.7564102564102564,0.9,False
5,2.0,54,6.265,0.7512820512820513,0.9,False
5,2.0,55,5.949999999999999,0.7589743589743589,0.9,False
5,2.0,56,5.655,0.764102564102564,0.9,True
5,2.0,57,5.37,0.7615384615384615,0.9,False
5,2.0,58,5.1,0.7564102564102564,0.8,False
5,2.0,59,4.845,0.7410256410256411,0.8,False
5,2.0,60,4.605,0.7282051282051282,0.8,False
5,2.0,61,4.375,0.735897435897436,0.8,False
5,2.0,62,4.154999999999999,0.7307692307692307,0.8,False
5,2.0,63,3.945,0.735897435897436,0.8,False
5,2.0,64,3.75,0.7410256410256411,0.8,False
5,2.0,65,3.56,0.7384615384615385,0.8,False
5,2.0,66,3.385,0.7435897435897436,0.8,False
5,2.0,67,3.215,0.7384615384615385,0.8,False
5,2.0,68,3.055,0.7256410256410256,0.8,False
5,2.0,69,2.9000000000000004,0.735897435897436,0.8,False
5,2.0,70,2.7550000000000003,0.7435897435897436,0.8,False
5,2.0,71,2.62,0.7487179487179487,0.8,False
5,2.0,72,2.485,0.7589743589743589,0.8,False
5,2.0,73,2.36,0.7435897435897436,0.8,False
5,2.0,74,2.245,0.7384615384615385,0.8,False
5,2.0,75,2.13,0.735897435897436,0.8,False
5,2.0,76,2.025,0.7256410256410256,0.8,False
5,2.0,77,1.925,0.7282051282051282,0.8,False
5,2.0,78,1.825,0.7333333333333333,0.8,False
5,2.0,79,1.735,0.7410256410256411,0.8,False
5,2.0,80,1.6500000000000001,0.717948717948718,0.8,False
5,2.0,81,1.5650000000000002,0.7256410256410256,0.8,False
5,2.0,82,1.49,0.7333333333333333,0.8,False
5,2.0,83,1.415,0.735897435897436,0.8,False
5,2.0,84,1.345,0.7461538461538462,0.8,False
5,2.0,85,1.275,0.7410256410256411,0.8,False
5,2.0,86,1.21,0.7256410256410256,0.8,False
5,2.0,87,1.15,0.7538461538461538,0.8,False
5,2.0,88,1.095,0.7461538461538462,0.8,False
5,2.0,89,1.04,0.7333333333333333,0.8,False
5,2.0,90,0.985,0.7282051282051282,0.8,False
5,2.0,91,0.935,0.7256410256410256,0.8,False
5,2.0,92,0.89,0.7384615384615385,0.8,False
5,2.0,93,0.845,0.6794871794871795,0.8,False
5,2.0,94,0.8049999999999999,0.6923076923076923,0.8,False
5,2.0,95,0.765,0.6974358974358974,0.8,False
5,2.0,96,0.7250000000000001,0.7051282051282052,0.8,False
5,2.0,97,0.69,0.7051282051282052,0.8,False
5,2.0,98,0.655,0.6923076923076923,0.8,False
5,2.0,99,0.62,0.6974358974358974,0.8,False
5,2.0,100,0.59,0.6974358974358974,0.8,False
5,2.0,101,0.5599999999999999,0.6948717948717948,0.8,False
5,2.0,102,0.53,0.6974358974358974,0.8,False
5,2.0,103,0.505,0.6923076923076923,0.8,False
5,2.0,104,0.48,0.6974358974358974,0.8,False
5,2.0,105,0.455,0.7025641025641025,0.8,False
5,2.0,106,0.43499999999999994,0.6948717948717948,0.8,False
5,2.0,107,0.41000000000000003,0.7,0.8,False
5,2.0,108,0.38999999999999996,0.6948717948717948,0.7375,False
5,2.0,109,0.37,0.5871794871794872,0.8,False
5,2.0,110,0.35000000000000003,0.5974358974358974,0.8,False
5,2.0,111,0.335,0.617948717948718,0.8,False
5,2.0,112,0.315,0.6153846153846154,0.8,False
5,2.0,113,0.3,0.6051282051282051,0.8,False
5,2.0,114,0.28500000000000003,0.6,0.8,False
5,2.0,115,0.27,0.5948717948717949,0.8,False
5,2.0,116,0.26,0.5923076923076923,0.8,False
5,2.0,117,0.245,0.5846153846153846,0.8,False
5,2.0,118,0.23500000000000001,0.6,0.8,False
5,2.0,119,0.22,0.5923076923076923,0.7,False
5,2.0,120,0.21,0.5897435897435898,0.7,False
5,2.0,121,0.2,0.6051282051282051,0.7,False
5,2.0,122,0.19,0.5897435897435898,0.7,False
5,2.0,123,0.18,0.6128205128205129,0.8,False
5,2.0,124,0.16999999999999998,0.5897435897435898,0.6,False
5,2.0,125,0.16,0.5948717948717949,0.6,False
5,2.0,126,0.155,0.5974358974358974,0.6,False
5,2.0,127,0.145,0.5820512820512821,0.6,False
5,2.0,128,0.13999999999999999,0.5846153846153846,0.6,False
5,2.0,129,0.13,0.5564102564102564,0.6,False
5,2.0,130,0.125,0.5487179487179488,0.6,False
5,2.0,131,0.12,0.5512820512820513,0.6,False
5,2.0,132,0.11,0.5666666666666667,0.6,False
5,2.0,133,0.105,0.5769230769230769,0.6,False
5,2.0,134,0.1,0.5743589743589743,0.6,False
5,2.0,135,0.095,0.5743589743589743,0.6,False
5,2.0,136,0.09,0.5871794871794872,0.7,False
5,2.0,137,0.08499999999999999,0.5846153846153846,0.6,False
5,2.0,138,0.08,0.5820512820512821,0.6,False
5,2.0,139,0.075,0.5846153846153846,0.7,False
5,2.0,140,0.06999999999999999,0.5948717948717949,0.7,False
5,2.0,141,0.065,0.6076923076923076,0.6,False
5,2.0,142,0.06,0.6128205128205129,0.6,False
5,2.0,143,0.055,0.6025641025641025,0.6,False
5,2.0,144,0.05,0.5794871794871795,0.6,False
5,2.0,145,0.045,0.5923076923076923,0.6,False
5,5.0,0,100.0,0.8205128205128205,0.9,False
5,5.0,1,95.0,0.8102564102564103,0.9,True
5,5.0,2,90.25,0.782051282051282,0.9,False
5,5.0,3,85.735,0.7717948717948718,0.8,False
5,5.0,4,81.45,0.7615384615384615,0.8,False
5,5.0,5,77.375,0.764102564102564,0.7,False
5,5.0,6,73.505,0.7615384615384615,0.8,False
5,5.0,7,69.83,0.7743589743589744,0.8,False
5,5.0,8,66.34,0.7794871794871795,0.8,False
5,5.0,9,63.019999999999996,0.7769230769230769,0.8,False
5,5.0,10,59.870000000000005,0.7589743589743589,0.8,False
5,5.0,11,56.879999999999995,0.7615384615384615,0.8,False
5,5.0,12,54.035,0.7615384615384615,0.8,False
5,5.0,13,51.33,0.7666666666666667,0.8,False
5,5.0,14,48.765,0.7564102564102564,0.7,False
5,5.0,15,46.325,0.7487179487179487,0.7,False
5,5.0,16,44.01,0.7487179487179487,0.8,False
5,5.0,17,41.81,0.7307692307692307,0.8,False
5,5.0,18,39.72,0.7512820512820513,0.8,False
5,5.0,19,37.735,0.7435897435897436,0.8,False
5,5.0,20,35.845,0.7512820512820513,0.8,False
5,5.0,21,34.055,0.7589743589743589,0.8,False
5,5.0,22,32.35,0.7564102564102564,0.8,False
5,5.0,23,30.735,0.7512820512820513,0.8,False
5,5.0,24,29.195,0.7615384615384615,0.8,False
5,5.0,25,27.735,0.7487179487179487,0.8,False
5,5.0,26,26.35,0.7435897435897436,0.8,False
5,5.0,27,25.03,0.7435897435897436,0.8,False
5,5.0,28,23.78,0.7435897435897436,0.8,False
5,5.0,29,22.59,0.7512820512820513,0.8,False
5,5.0,30,21.46,0.7435897435897436,0.7,False
5,5.0,31,20.39,0.7461538461538462,0.7,False
5,5.0,32,19.37,0.7256410256410256,0.7,False
5,5.0,33,18.4,0.717948717948718,0.8,False
5,5.0,34,17.48,0.7256410256410256,0.8,False
5,5.0,35,16.605,0.7153846153846154,0.7,False
5,5.0,36,15.775,0.717948717948718,0.7,False
5,5.0,37,14.985000000000001,0.7384615384615385,0.8,False
5,5.0,38,14.235000000000001,0.7282051282051282,0.8,False
5,5.0,39,13.525,0.7307692307692307,0.8,False
5,5.0,40,12.85,0.7307692307692307,0.8,False
5,5.0,41,12.205,0.717948717948718,0.8,False
5,5.0,42,11.594999999999999,0.7230769230769231,0.8,False
5,5.0,43,11.015,0.7205128205128205,0.8,False
5,5.0,44,10.465,0.7307692307692307,0.8,False
5,5.0,45,9.94,0.7282051282051282,0.8,False
5,5.0,46,9.445,0.717948717948718,0.8,False
5,5.0,47,8.97,0.7025641025641025,0.8,False
5,5.0,48,8.525,0.7025641025641025,0.8,False
5,5.0,49,8.094999999999999,0.6923076923076923,0.8,False
5,5.0,50,7.6899999999999995,0.676923076923077,0.8,False
5,5.0,51,7.305000000000001,0.6871794871794872,0.8,False
5,5.0,52,6.94,0.6871794871794872,0.8,False
5,5.0,53,6.595,0.6846153846153846,0.8,False
5,5.0,54,6.265,0.6820512820512821,0.8,False
5,5.0,55,5.949999999999999,0.6846153846153846,0.8,False
5,5.0,56,5.655,0.6717948717948717,0.8,False
5,5.0,57,5.37,0.6717948717948717,0.8,False
5,5.0,58,5.1,0.6743589743589744,0.8,False
5,5.0,59,4.845,0.6692307692307692,0.8,False
5,5.0,60,4.605,0.6820512820512821,0.8,False
5,5.0,61,4.375,0.676923076923077,0.8,False
5,5.0,62,4.154999999999999,0.6692307692307692,0.8,False
5,5.0,63,3.945,0.676923076923077,0.8,False
5,5.0,64,3.75,0.6897435897435897,0.8,False
5,5.0,65,3.56,0.6871794871794872,0.8,False
5,5.0,66,3.385,0.6923076923076923,0.8,False
5,5.0,67,3.215,0.6923076923076923,0.8,False
5,5.0,68,3.055,0.6820512820512821,0.8,False
5,5.0,69,2.9000000000000004,0.676923076923077,0.8,False
5,5.0,70,2.7550000000000003,0.6666666666666666,0.8,False
5,5.0,71,2.62,0.6717948717948717,0.8,False
5,5.0,72,2.485,0.6666666666666666,0.8,False
5,5.0,73,2.36,0.6615384615384615,0.8,False
5,5.0,74,2.245,0.658974358974359,0.8,False
5,5.0,75,2.13,0.658974358974359,0.8,False
5,5.0,76,2.025,0.6538461538461539,0.7,False
5,5.0,77,1.925,0.6102564102564103,0.7,False
5,5.0,78,1.825,0.6025641025641025,0.7,False
5,5.0,79,1.735,0.6025641025641025,0.6375,False
5,5.0,80,1.6500000000000001,0.6153846153846154,0.7,False
5,5.0,81,1.5650000000000002,0.5871794871794872,0.7,False
5,5.0,82,1.49,0.5897435897435898,0.7,False
5,5.0,83,1.415,0.5743589743589743,0.7,False
5,5.0,84,1.345,0.5692307692307692,0.7,False
5,5.0,85,1.275,0.5820512820512821,0.7,False
5,5.0,86,1.21,0.5974358974358974,0.7,False
5,5.0,87,1.15,0.5948717948717949,0.7,False
5,5.0,88,1.095,0.5923076923076923,0.7,False
5,5.0,89,1.04,0.5692307692307692,0.7,False
5,5.0,90,0.985,0.5666666666666667,0.7,False
5,5.0,91,0.935,0.5717948717948718,0.7,False
5,5.0,92,0.89,0.5717948717948718,0.6,False
5,5.0,93,0.845,0.5692307692307692,0.6,False
5,5.0,94,0.8049999999999999,0.5512820512820513,0.6,False
5,5.0,95,0.765,0.5538461538461539,0.6,False
5,5.0,96,0.7250000000000001,0.5307692307692308,0.5375,False
5,5.0,97,0.69,0.5487179487179488,0.6,False
5,5.0,98,0.655,0.5333333333333333,0.6,False
5,5.0,99,0.62,0.5564102564102564,0.6,False
5,5.0,100,0.59,0.5435897435897435,0.6,False
5,5.0,101,0.5599999999999999,0.5307692307692308,0.6,False
5,5.0,102,0.53,0.5461538461538461,0.6,False
5,5.0,103,0.505,0.5538461538461539,0.6,False
5,5.0,104,0.48,0.558974358974359,0.6,False
5,5.0,105,0.455,0.5538461538461539,0.6,False
5,5.0,106,0.43499999999999994,0.5461538461538461,0.6,False
5,5.0,107,0.41000000000000003,0.558974358974359,0.6,False
5,5.0,108,0.38999999999999996,0.5512820512820513,0.6,False
5,5.0,109,0.37,0.5538461538461539,0.6,False
5,5.0,110,0.35000000000000003,0.541025641025641,0.6,False
5,5.0,111,0.335,0.5358974358974359,0.6,False
5,5.0,112,0.315,0.5461538461538461,0.6,False
5,5.0,113,0.3,0.5384615384615384,0.5,False
5,5.0,114,0.28500000000000003,0.5641025641025641,0.5,False
5,5.0,115,0.27,0.5666666666666667,0.5,False
5,5.0,116,0.26,0.5692307692307692,0.6,False
5,5.0,117,0.245,0.558974358974359,0.5,False
5,5.0,118,0.23500000000000001,0.5641025641025641,0.5,False
5,5.0,119,0.22,0.5666666666666667,0.5,False
5,5.0,120,0.21,0.5717948717948718,0.5,False
5,5.0,121,0.2,0.5743589743589743,0.5,False
5,5.0,122,0.19,0.5717948717948718,0.6,False
5,5.0,123,0.18,0.5846153846153846,0.5,False
5,5.0,124,0.16999999999999998,0.5692307692307692,0.5,False
5,5.0,125,0.16,0.5743589743589743,0.5,False
5,5.0,126,0.155,0.5846153846153846,0.5,False
5,5.0,127,0.145,0.5923076923076923,0.5,False
5,5.0,128,0.13999999999999999,0.5794871794871795,0.5,False
5,5.0,129,0.13,0.5897435897435898,0.5,False
5,5.0,130,0.125,0.5897435897435898,0.5,False
5,5.0,131,0.12,0.5897435897435898,0.5,False
5,5.0,132,0.11,0.5846153846153846,0.5,False
5,5.0,133,0.105,0.5769230769230769,0.5,False
5,5.0,134,0.1,0.5923076923076923,0.5,False
5,5.0,135,0.095,0.5897435897435898,0.5,False
5,5.0,136,0.09,0.5923076923076923,0.5,False
5,5.0,137,0.08499999999999999,0.5923076923076923,0.5,False
5,5.0,138,0.08,0.5871794871794872,0.5,False
5,5.0,139,0.075,0.5692307692307692,0.5,False
5,5.0,140,0.06999999999999999,0.5897435897435898,0.5,False
5,5.0,141,0.065,0.5769230769230769,0.5,False
5,5.0,142,0.06,0.5948717948717949,0.5,False
5,5.0,143,0.055,0.5923076923076923,0.5,False
5,5.0,144,0.05,0.5846153846153846,0.5,False
5,5.0,145,0.045,0.5923076923076923,0.5,False
